project,submersible,evaluation,distribution,study,transport,handling,physiology,physiological,orthophotography,mapping,management,evaluation,conservation,development,plan,outreach,colonization,law,wedge-wire,demography,helicopter,plumage,implantation,hatchery-reared,diet,propagation,dispersal,colorimeter,video,vocalization,distribution,sherman,sigmodon,open-cup,treatment,biomass,taxonomic,sampled,scanned,translocation,broodstock,absence,presence,terrestrial,drawdown,boat,band,hydrology,hydrological,ves,fertilizer,limnological,turbidity,sur,hydrophone,cover,harp,swim,chamber,restoration,depth,hoop,dimorphism,call-playback,banded,banding,imaging,aerial,repatriation,passive,active,implantation,sonic,fyke,tag,pit,toxicity,visual,aging,pectoral,fin,sexed,trammel,mist-netting,netted,demography,post-stocking,telemetry,shannon-wiener,diversity,epa,anova,abiotic,clearing,monitoring,survey,singing,display,search,creation,restoration,population,acoustic,recruitment,gis,satellite,map,disease,swimming,growth,mass,height,weight,weighed,density,moisture,temperature,trial,treatment,tolerance,mortality,netting,transponder,trapping,trap,capture,captured,release,mark,recapture,mark-recapture,electrofishing,sampling,double-sampling,transmitters,tagging,tagged,track,tracking,transect,sensor,photo,photograph,photography,genetic,dna,mtdna,microsatellites,haplotype,tissue,cell,microscope,planting,fungus,survivorship,stocking,spawning,habitat,nest,nesting,eggs,predation,predator,prey,breeding,survival,foraging,fertilization,fire,oxygen,nitrogen,carbon,potassium,phosphorous,ammonia,formalin,salinity,nitrate,nitrite,acid,alkalinity,arsenic,selenium,conductivity,biomass,pozzolan,lassenite,humidity
abiotic,0,0,0,0.003541269,0,0,0,0,0,0,0,0,0.004358485,0,0,0,0,0,0,0,0,0,0,0,0,0,0,0,0,0,0,0,0,0,0,0.008716971,0,0.001906837,0,0,0,0,0,0,0,0,0,0,0,0,0.006265323,0,0,0,0,0,0,0,0,0.006537728,0,0,0,0,0,0,0,0,0,0,0,0,0,0,0,0,0,0,0,0,0,0,0,0,0,0,0,0,0,0,0,0,0.001089621,0,0,0,0,0,0,0,0.006537728,0,0,0,0,0,0,0,0,0,0.010623808,0,0.000817216,0.001906837,0,0,0,0,0,0,0,0,0,0,0.004630891,0.001634432,0.001634432,0,0,0,0,0,0.001906837,0,0,0,0,0,0,0,0,0,0,0,0,0,0,0,0,0,0.001089621,0,0.001362027,0,0,0,0,0.002179243,0,0,0,0,0,0.001906837,0,0,0,0.001089621,0,0,0.025606102,0,0,0,0,0,0,0,0,0.000817216,0,0,0,0,0.008716971,0,0,0
b1,0,0,0,0,0,0,0,0,0,0,0,0,0.00337952,0,0,0,0,0,0,0,0,0,0,0,0,0,0,0,0,0,0,0,0,0,0,0,0,0,0,0,0,0,0,0,0,0.001351808,0,0,0,0,0,0,0,0,0,0,0,0,0,0,0,0,0,0,0,0,0,0,0,0,0,0,0,0,0,0,0,0,0,0,0,0,0,0,0,0,0,0,0,0.001351808,0,0,0,0,0,0,0,0,0,0,0,0.003041568,0,0,0,0,0,0,0,0,0,0,0,0,0,0,0,0,0,0,0,0,0,0,0,0.001013856,0.001013856,0,0,0,0,0,0,0,0,0,0,0,0,0,0,0,0,0,0.001351808,0,0,0,0,0,0,0,0,0,0,0,0.00337952,0,0,0,0,0,0,0,0,0,0,0,0,0,0,0,0,0,0,0,0,0,0,0,0,0,0,0,0,0,0,0
bhco,0,0.000129613,0.00038884,0.002235832,0,0,0,0,0,0,0.00029163,0.000129613,0,0,0,0,0,0,0,0.00019442,0,0,0,0,0,0,0,0,0,0,0.00038884,0,0,0,0,0,0,0,0,0,0,0,0,0,0,0,0,0,0,0,0,0,0,0,0,0,0,0,0,0,0,0,0,0,0,0,0,0,0,0,0.00029163,0,0,0,0,0,0,0,0,0,0,0,0,0,0,0.00019442,0,0,0,0.000129613,0,0.000615664,0,0,0.002916302,0.001328538,0,0,0,0,0,0.000777681,0,9.72E-05,0,0,0,0,0,0,0,0,0,0,0,0,0,0,0,0,0,0,0,0.005411361,0.00019442,0.000226823,0,0,0,0,0,0,0,0,0,0,0,0,0,0.000874891,0,0,0,0,0,0,0,0,0,0,0,0,0,0,0,0,0,0.001036907,0.008198049,0.000615664,0.002171025,0.001036907,0,0,0.001166521,9.72E-05,0,0,0,0,0,0,0,0,0,0,0,0,0,0,0,0,0,0,0,0,0,0
c10,0,0,0,0.002252615,0,0,0,0,0,0,0.002252615,0,0.007240547,0,0,0,0,0,0,0,0,0,0,0.001769912,0,0,0,0,0,0,0,0,0,0,0,0,0,0,0,0,0,0,0,0,0,0,0,0,0,0,0,0,0,0,0,0,0,0,0,0,0,0,0,0,0,0,0,0,0.000482703,0,0,0,0,0,0,0.001930813,0,0,0,0,0,0,0,0,0,0,0,0,0,0,0,0.000482703,0,0,0,0,0,0,0,0,0,0,0,0,0,0,0,0,0,0.027031376,0,0,0.001287208,0,0.001769912,0,0.001930813,0,0,0,0.001126307,0,0,0,0,0.000643604,0.000643604,0,0,0,0,0,0,0,0,0.000965406,0.006275141,0,0,0,0,0,0,0,0,0,0,0,0,0,0,0,0,0,0,0.002252615,0,0,0,0,0,0.003218021,0,0,0,0.012872084,0,0,0,0,0,0,0,0,0,0,0,0,0,0,0,0,0,0,0,0,0,0
c11,0,0.005162623,0.003097574,0.030459473,0,0.033040785,0.007743934,0.022199277,0,0,0.006195147,0.005162623,0.038203407,0.00464636,0.00464636,0,0,0,0,0,0,0,0,0.005162623,0.052142488,0.002581311,0,0,0,0,0.003097574,0,0,0,0.015487868,0,0,0.003097574,0,0,0.005678885,0,0,0,0,0,0,0,0,0,0,0,0,0,0,0,0,0,0,0,0,0,0,0,0,0,0,0,0,0,0,0,0,0,0,0,0,0,0,0,0.002581311,0,0,0,0.00464636,0,0,0,0,0,0,0,0,0,0,0,0,0,0,0,0,0,0,0.002065049,0,0,0,0.011874032,0,0.045431079,0.004130098,0,0.024264326,0,0.014971606,0.005162623,0.034589572,0.004130098,0.015487868,0,0,0,0,0,0,0,0,0.013422819,0,0,0,0,0.008260196,0,0,0,0,0,0,0,0,0,0,0,0,0,0,0,0,0.008776458,0,0,0,0,0,0.049561177,0.003613836,0.003613836,0,0,0,0.007227672,0.010841507,0,0,0.029426949,0,0,0,0.017552917,0,0,0.001548787,0,0.006711409,0,0,0,0.003097574,0.002065049,0,0,0,0,0,0,0,0
c12,0.000586114,0,0,0.009197475,0,0,0,0,0,0,0.002028855,0,0.003201082,0.000450857,0.000586114,0,0,0,0,0,0,0,0.000270514,0.000225428,0,0,0.003155996,0,0,0,0,0,0,0,0,0.000450857,0,0,0.001532913,0,0,0,0,0,0,0.001623084,0,0,0,0,0,0,0,0.003561767,0,0,0,0,0,0,0.001127142,0,0,0,0,0,0,0,0.00103697,0.000405771,0.004373309,0.000270514,0.004508566,0,0.007889991,0.00883679,0,0,0,0,0.000405771,0.000270514,0.000856628,0,0,0,0.007889991,0.007664563,0,0,0,0,0,0,0.006627592,0.000495942,0,0,0,0,0,0.00915239,0,0,0,0,0.000901713,0,0.000405771,0.002795311,0,0,0,0,0,0,0,0,0,0,0.003246168,0.000991885,0.000270514,0,0,0.003922453,0.003922453,0.012488729,0.000360685,0.001217313,0.003291253,0,0.001713255,0,0.004102795,0,0.005680794,0,0.001397656,0,0,0,0,0,0.000946799,0,0,0,0,0,0,0,0,0,0.002479711,0.007574391,0.000766456,0,0,0,0,0.001893598,0,0.000586114,0,0.01496844,0,0,0,0,0,0,0,0,0,0,0,0,0,0,0,0,0,0,0.000450857,0,0,0
c13,0,0,0,0,0,0,0,0,0,0,0,0,0,0,0,0,0,0,0,0,0,0,0,0,0,0,0,0,0,0,0,0,0,0,0,0,0,0,0,0,0,0,0,0,0,0,0,0,0,0,0,0,0,0,0,0,0,0,0,0,0.002418575,0,0,0,0,0,0,0,0,0,0,0,0,0,0,0,0,0,0,0,0,0,0,0,0,0,0,0,0,0,0,0,0,0,0,0,0,0,0,0,0,0,0,0,0,0,0,0,0,0,0,0,0,0,0,0,0,0,0,0,0,0,0,0,0,0,0,0,0,0,0,0,0,0,0,0,0,0,0,0,0,0,0,0,0,0,0,0,0,0,0,0,0,0,0,0,0.046501129,0,0,0,0,0,0,0,0,0,0,0,0,0,0,0,0,0,0,0,0,0,0,0,0,0,0,0,0,0,0,0
c14,0,0,0,0.001477541,0.004728132,0.001182033,0,0,0,0,0.007683215,0,0.012115839,0.001182033,0.006501182,0,0,0,0,0,0.000886525,0,0,0,0,0.005614657,0,0,0,0,0,0,0,0,0.004728132,0,0,0,0,0.003250591,0.001477541,0,0,0,0,0,0,0,0,0,0,0,0,0,0,0,0,0,0,0,0,0,0,0,0,0,0,0,0,0.00177305,0,0,0,0,0.002955083,0.00856974,0.002955083,0,0,0,0,0,0,0,0,0,0,0,0,0,0,0,0,0,0.00177305,0,0,0,0,0,0,0.021276596,0,0.001182033,0,0,0,0.002068558,0,0,0,0,0,0,0,0,0.004432624,0,0.004728132,0,0.000886525,0,0.00177305,0,0,0.001477541,0.001477541,0,0,0,0,0,0,0,0,0.006501182,0.003250591,0.001182033,0,0,0,0,0,0,0.005910165,0,0,0,0,0.001477541,0,0,0,0,0,0,0,0.001182033,0,0,0,0,0,0,0,0.005614657,0,0,0,0.002659574,0,0,0.003250591,0,0,0.001182033,0,0,0,0,0,0,0,0.001182033,0,0,0,0
c15,0.001029963,0,0.003745318,0.00571161,0,0,0,0,0,0,0.002059925,0,0.005898876,0,0.001872659,0,0,0.000374532,0,0,0,0,0,0,0,0,0,0,0,0,0.003745318,0,0,0,0,0,0,0.001872659,0,0,0,0.000280899,0.001685393,0,0,0.003370787,0,0,0,0,0,0,0,0,0,0,0,0,0,0,0.001217228,0,0,0,0,0,0,0.001029963,0,0.000374532,0.00093633,0,0.002808989,0,0.001404494,0.001029963,0,0.001217228,0.001966292,0.000561798,0.001404494,0,0.006928839,0,0,0,0,0.003651685,0,0,0,0,0,0,0.001217228,0.001029963,0,0,0,0,0,0.006086142,0,0.001685393,0.000561798,0,0.001966292,0,0,0,0,0,0.00093633,0.000280899,0,0,0,0,0,0,0,0.001498127,0.000374532,0,0,0.001217228,0.00411985,0,0,0,0.000842697,0.005243446,0.004775281,0,0.00159176,0,0.001779026,0,0.002808989,0,0,0,0,0,0,0,0,0,0,0,0,0,0,0,0,0.000749064,0.004962547,0.011329588,0,0,0,0,0,0,0,0,0,0,0,0,0,0,0,0,0,0,0,0,0,0,0,0,0,0,0,0,0,0
c16,0,0.005813316,0.000255932,0.000182809,5.48E-05,0.00020109,0,0,0,0,0.000383898,0.005813316,0.00021937,7.31E-05,0.000329056,0,0,0,0,0,0,0,0,0.000164528,0,0.000109685,0,0,0,0,0.000255932,0,0,0,0,0,0,0,0,0,0.000182809,0,0,0,0,0.000329056,0,0,0,0,0,0,0.000621549,0,0,7.31E-05,0,0,0,0.000365617,0,0,0,0,0,0,0,0,0,0,0,0,0,0,0.001389346,0.00063983,0,0,0,0,0,0,0,0,0,0,0.000310775,0.000109685,0,0,0,0,0,0,0.000146247,0.001425908,0,0,0,0,0.000365617,0.000237651,0,0,0,0,0.001096852,0,0,0.000182809,0,0,0.000127966,0,0,0,0.000548426,0,0,0,5.48E-05,0,0,0,0,0.00106029,0.00106029,0.000347336,0,0,0,0,0.002541041,0,0,5.48E-05,0.000146247,0,0.000127966,0,0,0,0,0,0,0,0,0,0,0,0,0,0,0,0,0.006983291,0.000438741,0,0,0,0,5.48E-05,0,0,0.000146247,0.000493583,0,0,0,0.000438741,0,0,0,0,0,0,0,0,0,0,0,0,0,0.000255932,0,0,0,0
c17,0,0,0,0.00127197,0,0,0,0,0,0,0.000809436,0,0,0,0.000693802,0,0,0,0,0,0,0,0,0,0,0,0,0,0,0,0,0,0,0,0,0,0,0.000462535,0,0,0,0,0.000693802,0,0,0.000346901,0,0,0,0,0,0,0,0,0,0,0,0,0,0,0,0,0,0,0,0,0,0,0,0,0,0,0,0,0.000462535,0.000462535,0,0,0.000346901,0.000925069,0.002543941,0,0.003237743,0,0,0,0,0,0,0,0,0,0,0,0,0,0,0,0,0,0,0.003006475,0,0.001965772,0,0,0,0,0,0.000925069,0,0,0.002312673,0,0,0,0,0,0,0,0,0.001734505,0,0,0.000346901,0.00127197,0.00127197,0,0,0.000346901,0.000925069,0.001965772,0.001040703,0,0,0,0,0,0,0,0,0,0,0,0,0,0,0,0,0,0,0.000346901,0,0,0,0.001040703,0.003700278,0.000693802,0,0,0.000462535,0.000693802,0,0,0,0.001503238,0,0,0,0,0,0,0,0,0,0,0,0,0,0,0,0,0,0,0,0,0,0
c19,0,0,0.000823045,0.001028807,0,0,0,0,0,0,0,0,0,0,0,0,0,0,0,0,0,0.004320988,0,0,0,0,0,0.005555556,0,0,0.000823045,0,0,0,0,0,0,0.001028807,0,0,0,0,0,0,0,0,0,0,0,0,0,0,0,0,0,0,0,0,0,0,0,0,0,0,0,0,0,0,0,0,0,0,0,0,0,0,0,0,0,0,0,0,0,0,0,0,0,0,0,0,0,0,0,0,0,0.000823045,0,0,0,0,0,0,0,0,0,0,0,0,0,0,0,0,0,0,0,0,0,0,0,0,0,0,0,0,0,0.000617284,0.001440329,0,0,0,0,0,0.003497942,0,0,0,0,0,0,0,0,0,0,0,0,0,0,0,0,0,0,0,0,0,0,0,0,0,0,0,0,0,0,0,0.00308642,0,0,0,0,0,0,0,0,0,0,0,0,0,0,0,0,0,0,0,0,0,0,0
c21,0,0,0.000412839,0.000619259,0,0,0,0,0,0,0.000928888,0,0.001135308,0,0,0,0,0,0,0,0,0,0,0,0,0,0,0,0.001754567,0.000825679,0.000412839,0,0,0,0,0,0,0,0,0,0,0,0.000309629,0,0,0,0.000722469,0,0,0,0,0,0,0,0,0,0,0,0,0,0,0,0.000516049,0.000516049,0.002580246,0.001548147,0,0,0,0,0.000309629,0,0,0,0,0,0,0,0,0,0,0,0,0,0,0,0,0.001135308,0,0,0,0,0,0,0.001960987,0.005160491,0,0,0,0,0,0.002064197,0,0,0,0,0,0,0,0.000825679,0,0,0.000516049,0,0.001032098,0,0,0,0,0,0,0,0,0,0,0.000825679,0,0,0,0,0,0,0,0,0.001548147,0,0,0,0,0,0,0,0,0,0.000516049,0.001032098,0.000412839,0,0,0,0,0,0,0,0,0,0,0.001135308,0.005057281,0.001238518,0.001032098,0,0,0.000722469,0.000619259,0,0,0,0,0,0,0,0,0,0,0,0,0,0,0,0,0,0,0,0,0,0,0
c22,0,0.000102223,0.000766675,0.000664452,0,0,0,0,0,7.67E-05,0.000715564,0.000102223,0.000587784,0,0.000255558,0,0,0,0,0,0,0,0,0,0,0,0,0,0,0,0.000766675,0,0,0,0,0,0,0,0,0,0,0,0.000153335,0,0,0,0,0,0,0,0,0,0,0,0,0.002453361,0,0,0,0.002300026,0,0,0,0,0.000766675,0,0,0.000741119,0,0,0,0,0,0,0,0,0,0.000511117,0,0,0,0,0,0,0,0,0,0,0,0,0,0,0,0,0.000127779,0.004395604,0,0,0,0,0.002300026,0.000204447,0,0,0.000153335,0,0,0,0,0,0,0.00227447,0,0,0.000127779,0,0,0,0,0,0,0,0,0,0,0,0,0,0,0,0,0,0,0,0,0,0,0,0,0,0,0.000511117,0,0,0,0,0,0,0,0,0,0,0,0,0,0,0,0.006772297,0.001098901,0.000230003,0,0,0,0,0.00534117,0,0,0,0,0,0,0,0,0,0,0,0,0,0,0,0,0,0,0,0,0,0,7.67E-05
c23,0,0,0.001458112,0.001656946,0,0.000331389,0,0,0,0,0.000265111,0,0.000198834,0.000265111,0,0,0,0,0,0,0.002253446,0,0,0,0,0,0,0,0.000994168,0,0.001458112,0,0,0,0,0,0,0.000265111,0,0,0,0,0.000729056,0,0,0.00583245,0,0,0,0,0,0,0.000265111,0,0,0,0,0,0.000198834,0,0.000331389,0.001922057,0,0,0,0,0,0.001855779,0,0.000198834,0.000530223,0,0,0,0,0.000265111,0,0.000463945,0,0,0,0,0.004175504,0,0.000198834,0,0,0,0,0,0,0,0,0,0.001855779,0.002054613,0,0,0,0,0,0.00304878,0,0,0,0,0,0,0,0.000331389,0,0,0.000198834,0,0.000331389,0,0,0,0,0,0,0.004440615,0,0,0.000198834,0.001391835,0.002187169,0,0.000463945,0.000463945,0,0.004705726,0.001922057,0,0,0,0,0,0,0.000530223,0,0,0.000331389,0.001590668,0,0,0,0,0,0,0,0,0,0,0,0.000265111,0.006296394,0.000530223,0,0,0,0,0,0,0,0,0,0,0,0,0,0,0,0,0,0,0,0,0,0,0,0,0,0,0,0,0,0
c24,0,0.000195179,0.003513223,0.001268664,0,0,0,0,0,0.000195179,0.001610227,0.000195179,0.002342149,0.000536742,0.000731922,0,0,0,0,0,0,0,0,0,0,0,0,0,0,0,0.003513223,0,0,0,0,0,0,0,0,0,0,0.000390358,0.000927101,0,0,0,0.000195179,0,0,0,0,0,0,0,0,0.001073485,0,0,0,0.003025276,0,0,0,0,0,0,0,0.002927686,0,0,0,0,0,0,0,0,0,0,0,0,0,0,0,0,0,0,0,0,0,0.000243974,0,0,0,0,0,0.003122865,0,0.000243974,0,0.000195179,0.003025276,0.000585537,0,0,0.000390358,0.003854787,0.001415048,0,0,0.000439153,0,0.00204938,0,0,0.004098761,0,0,0,0,0,0,0,0,0,0,0.000146384,0,0,0,0,0,0,0.001561433,0,0,0,0,0,0,0,0,0,0,0.000292769,0,0,0,0,0,0,0.001805406,0,0,0,0,0,0,0.010149312,0.000146384,0.000195179,0,0,0,0,0.003903582,0,0,0,0.000146384,0,0,0,0,0,0,0,0,0,0,0,0,0,0,0,0,0,0,0
c25,0,0,0,0,0,0,0,0,0,0,0.007957011,0,0.006510282,0,0,0,0,0,0,0,0,0,0,0,0,0,0,0,0,0,0,0,0,0,0,0,0,0,0,0,0,0,0,0,0,0,0,0,0,0,0,0,0,0,0,0,0,0,0,0,0,0,0,0,0,0,0,0,0,0,0,0,0,0,0,0,0,0,0,0,0,0,0,0,0,0,0,0,0,0,0,0,0,0,0.005786917,0,0,0,0,0,0,0,0,0,0,0,0,0,0,0,0,0,0,0,0,0,0.00330681,0,0,0,0,0,0,0,0,0,0,0,0,0,0,0,0,0,0,0,0,0,0,0,0,0,0,0,0,0,0,0,0,0,0,0,0,0,0,0,0,0,0,0,0,0,0,0,0,0,0,0,0,0,0,0,0,0,0,0,0,0,0,0,0,0,0,0.002686783,0,0,0,0
c26,0,0.009143554,0,0.003454231,0,0.00040638,0.00040638,0,0,0,0.00101595,0.009143554,0.002438281,0,0.000507975,0,0,0,0,0,0,0,0,0.00060957,0,0,0.000304785,0,0,0,0,0,0,0,0.016864777,0,0,0,0,0,0,0,0,0,0,0,0,0,0,0,0,0,0,0,0,0,0,0.003860612,0.003860612,0,0,0,0,0,0,0,0,0,0.000914355,0,0,0,0,0,0,0,0,0,0,0,0,0,0,0,0,0,0.001727116,0,0,0,0,0,0,0,0,0.00060957,0,0,0,0,0,0,0,0,0,0,0,0.003657422,0.002031901,0.003555826,0,0,0.001219141,0,0,0,0.00101595,0.008635579,0.016864777,0,0,0,0,0,0,0.000711165,0,0,0,0,0,0,0,0,0,0,0,0,0.00060957,0,0,0,0,0,0,0,0,0,0,0,0,0,0,0,0,0.001422331,0,0,0,0,0,0.001219141,0.002133496,0,0,0.001422331,0.000711165,0,0,0,0,0,0,0,0,0,0,0,0,0,0,0,0,0,0,0,0,0
c27,0,0,0.009016745,0.009016745,0,0,0,0,0,0,0.003220266,0,0.008587377,0,0,0,0,0,0,0,0,0,0,0,0,0,0,0,0,0,0.009016745,0.001073422,0.036925719,0,0,0,0,0.004293688,0,0,0,0,0.002361529,0,0,0,0,0,0,0,0,0,0,0,0,0.030270502,0,0,0,0.007728639,0,0,0,0,0,0,0,0,0,0,0,0,0,0,0,0,0,0,0,0,0,0,0,0,0,0,0,0,0,0.000644053,0,0,0,0,0,0,0,0,0,0,0.007728639,0.019321597,0,0,0,0,0,0,0,0,0,0,0,0,0,0,0,0,0,0,0,0,0,0.008372692,0.012881065,0.009016745,0.010519536,0,0,0,0,0,0.008802061,0,0,0,0,0,0,0,0,0,0,0,0.002790897,0.001073422,0.001502791,0,0.00193216,0.000644053,0,0,0,0,0,0,0,0.027050236,0,0,0,0,0,0,0,0,0,0,0,0,0,0,0,0,0,0,0,0,0,0,0,0,0,0,0,0,0,0
c28,0,0,0.000280289,0.002872959,0,0.000140144,0,0,0,0,0.001226263,0,0.001226263,0.000245253,0.000105108,0,0,0,0,0.000280289,0,0,0,0,0,0,0,0,0.001821877,0,0.000280289,0,0,0.000385397,0,0,0,0,0,0,0,0.000105108,0.000280289,0,0,0,0,0,0,0,0,0,0,0,0,0.005185341,0,0,0,0.000560577,0,0,0,0,0,0,0,0,0,0,0.00063065,0,0,0,0,0,0,0.000210217,0,0,0,0,0,0,0,0.000280289,0,0,0,0,0,0,0,0,0.000735758,0.00017518,0,0,0,0,0.000560577,0.00063065,0,0,0,0,0,0,0,0,0,0.004169294,0,0,0.00098101,0,0.002277346,0,0,0,0.000140144,0,0,0.000140144,0,0.000210217,0.000385397,0,0,0,0,0,0,0,0,0,0,0,0,0,0,0,0,0,0,0,0,0,0,0,0,0.000140144,0,0,0,0,0,0.003538645,0.033564572,0.001226263,0.006761965,0.011421764,0.00143648,0.000560577,0.000595613,0.000245253,0.000210217,0,0,0,0,0,0,0,0,0,0,0,0,0,0,0,0,0,0,0,0,0
c29,0,0,0.000911577,0,0,0,0,0,0,0,0.000683683,0,0.004329991,0,0,0,0,0,0,0,0,0,0,0,0,0,0,0,0,0,0.000911577,0,0,0,0,0,0,0.001253418,0,0,0,0,0,0,0,0,0,0,0,0,0,0,0,0,0,0,0,0,0,0,0,0,0,0,0,0,0,0,0,0,0,0,0,0,0.001709207,0.00239289,0,0,0.005241568,0.00079763,0.004785779,0,0.000455789,0,0,0,0,0,0,0,0,0,0,0,0.000455789,0.000455789,0,0,0,0,0,0.004443938,0,0,0,0,0,0,0,0.000455789,0,0,0,0,0,0,0,0,0,0,0,0.000341841,0,0,0,0.001367366,0.001367366,0.002164995,0,0.000455789,0,0.000569736,0.001025524,0,0,0,0,0,0,0,0,0,0,0,0,0,0,0,0,0,0,0.00079763,0,0,0,0.014015497,0.000455789,0.000341841,0,0,0,0.000455789,0,0,0,0.001025524,0,0,0,0,0,0,0,0,0,0,0,0,0,0,0,0,0,0,0,0,0,0
c2,0,0,0.005577245,0,0,0,0,0,0,0,0.004461796,0,0.020356944,0,0.002788622,0,0,0,0,0,0,0,0,0,0,0,0,0,0,0,0.005577245,0,0,0,0,0,0,0,0,0,0,0.000557724,0.001533742,0,0,0,0,0,0,0,0,0,0,0,0,0,0,0,0,0,0,0,0,0,0,0,0,0,0,0,0,0,0,0,0,0,0,0,0,0,0,0,0,0,0,0,0,0,0,0,0,0,0,0,0.015337423,0.006692694,0,0,0,0,0,0.006553263,0,0.000697156,0,0,0,0,0,0,0,0,0,0,0,0,0.00250976,0,0,0,0,0,0,0,0,0,0,0,0,0,0,0,0,0,0,0,0,0,0,0,0,0,0,0,0,0,0,0,0,0,0,0,0,0,0,0,0,0.010039041,0,0,0,0,0,0,0,0.000836587,0,0,0,0,0,0,0,0,0,0,0,0,0,0,0,0,0,0,0,0,0,0
c30,0,0,0.001117475,0.001536527,0.003352424,0.000698422,0.001117475,0,0,0,0.000698422,0,0.003492108,0.001257159,0,0,0,0,0,0,0,0,0,0,0,0,0,0,0,0,0.001117475,0,0,0,0.021232016,0,0,0,0,0,0,0,0.000558737,0,0,0,0,0,0,0,0,0,0,0,0,0,0,0,0,0,0,0,0,0,0,0,0,0,0,0,0.000558737,0,0,0,0,0,0.00516832,0,0,0,0,0,0,0,0,0,0,0,0,0,0,0,0,0,0,0,0,0,0,0,0,0,0,0,0,0,0,0,0,0,0,0,0,0,0,0,0.001676212,0,0.021232016,0,0.007822322,0,0,0,0,0,0,0,0,0,0,0,0.000419053,0,0,0,0,0,0,0,0,0,0,0,0,0,0,0,0,0,0,0.000698422,0,0,0,0.000558737,0,0,0,0,0,0,0,0,0,0,0,0,0,0,0,0,0.002374633,0,0,0.012850957,0,0,0,0,0,0,0,0.000558737,0,0,0,0
c31,0,0,0.002436054,0,0,0,0,0,0,0,0.001218027,0,0.005481121,0,0,0,0,0,0,0,0,0,0,0,0,0,0,0,0,0,0.002436054,0,0,0,0,0,0,0,0,0,0,0,0,0,0,0,0,0,0,0,0,0,0,0,0,0,0,0,0,0,0,0,0,0,0,0,0,0,0,0,0,0,0,0,0,0,0,0,0,0,0,0,0,0,0,0,0,0,0,0.00365408,0,0,0,0,0,0,0,0,0,0,0,0.005785627,0,0,0,0,0,0,0,0,0,0,0,0,0,0,0,0,0,0,0,0,0,0,0,0,0,0,0,0,0,0,0,0,0,0,0,0,0,0,0,0,0,0,0.005785627,0.001522533,0.007612667,0.00182704,0,0,0,0,0,0,0,0,0,0,0,0,0,0,0,0,0,0,0,0,0,0,0,0,0,0,0,0,0,0,0,0,0,0,0,0,0,0,0,0
c32,0,0,0,0.003223617,0,0,0,0,0,0,0,0,0.001696641,0,0,0,0,0,0,0,0,0,0,0,0,0,0,0,0,0,0,0,0,0,0.003053953,0,0,0,0,0,0,0,0,0,0,0,0,0,0,0,0,0,0,0,0,0,0,0,0,0,0,0,0,0,0,0,0,0,0,0,0,0,0,0,0,0,0,0,0,0,0,0,0,0,0,0,0,0,0,0,0,0,0,0,0,0,0,0,0,0,0,0,0,0,0,0,0,0,0,0.002035969,0,0,0,0,0,0,0.005089922,0.006616899,0.003053953,0.001696641,0.017136071,0,0,0,0,0,0,0,0,0,0,0,0,0,0,0,0,0,0,0,0,0,0,0,0,0,0,0,0,0,0,0,0,0,0,0,0,0,0,0,0.008652867,0,0,0,0,0,0,0,0,0.008992195,0,0,0,0,0,0,0,0,0,0,0,0,0,0,0,0,0,0
c33,0.000729288,0.000583431,0.000875146,0.001677363,0,0,0,0,0,0,0.001166861,0.000583431,0.00247958,0,0,0,0,0,0,0,0,0,0,0.000291715,0,0,0,0,0,0,0.000875146,0,0,0,0,0,0,0.000510502,0.001458576,0,0,0,0,0,0,0.000291715,0,0,0,0,0,0,0,0,0,0,0,0,0,0,0,0,0,0,0,0,0,0,0,0.000437573,0,0,0.000291715,0,0.003865228,0.008751459,0,0,0,0.000218786,0.000291715,0.000291715,0.001093932,0,0,0,0.001677363,0.000291715,0,0,0,0,0,0,0.00123979,0.000291715,0,0,0,0,0,0.004813302,0,0.000364644,0,0,0.000291715,0,0,0.000218786,0,0,0.000437573,0,0,0,0,0,0,0,0.000437573,0.001823221,0.000437573,0,0,0.001531505,0.001531505,0.005980163,0.002260793,0.000729288,0,0.002990082,0.001385648,0,0,0,0.001458576,0,0,0,0,0,0,0,0.000291715,0,0,0,0,0,0,0,0,0,0,0.002260793,0.000948075,0.001312719,0,0,0,0,0,0,0,0.010064177,0,0,0,0,0,0,0,0,0,0,0,0,0,0,0,0,0,0,0,0,0,0
c34,0,0,0,0.002217295,0,0,0,0,0,0,0.000771233,0,0.000964041,0,0,0,0,0,0,0,0,0,0,0,0.000385617,0,0,0,0,0,0,0,0,0,0,0.026800347,0,0.00115685,0,0,0,0,0.000578425,0,0,0,0,0,0,0,0,0,0,0,0,0,0,0,0,0,0.00327774,0,0,0,0,0,0,0,0,0,0,0,0,0,0,0,0,0,0,0,0,0,0,0,0,0,0,0,0,0.000482021,0,0,0,0,0,0,0,0,0,0,0,0,0,0.000289212,0,0,0,0,0,0.000674829,0,0,0.000482021,0,0,0,0,0,0,0,0,0,0,0,0,0,0,0,0,0,0,0,0.005687843,0,0,0,0,0,0,0,0,0,0,0,0,0,0,0,0,0,0,0,0,0,0,0,0,0,0,0,0,0.000578425,0,0,0,0.000289212,0,0.000482021,0,0,0,0,0,0,0,0,0,0,0,0,0,0,0,0,0.026800347,0,0,0
c35,0,0.000256728,0.008728766,0.001198066,0,0,0,0,0,0,0.000641821,0.000256728,0.003037953,0,0,0,0,0,0,0,0,0,0,0,0.000128364,0,0,0,0,0,0.008728766,0,0,0,0.014034487,0,0,0.000684609,0,0,0,0,0.000599033,0,0,0,0,0,0,0,0,0,0,0,0,0,0,0,0,0.003080741,0,0,0,0,0,0,0,0,0,0,0,0,0,0,0,0,0,0,0,0,0,0,0,0,0.001240854,0,0,0.000256728,0.000898549,0.00222498,0,0,0,0,0.000128364,0.000470669,0,0,0.000256728,0,0.003080741,0.000256728,0,0,0,0,0,0,0,0,0,0.005605237,0,0,0,0,0.000727397,0,0.014034487,0,0,0.000513457,0,0.001283642,0,0.002139404,0.008258098,0.000256728,0,0,0,0,0.002524496,0,0.003380258,0,0.000128364,0,0.000342305,0,0,0,0,0,0,0,0,0,0,0,0.000171152,0,0.00021394,0,0,0,0,0.008771554,0,0,0,0,0,0,0,0,0.00132643,0,0,0,0,0,0,0,0,0,0,0,0,0,0,0,0,0,0,0,0,0
c36,0,0,0.000889284,0.006224989,0,0,0,0,0,0,0,0,0.003779458,0,0.000889284,0,0,0,0,0,0,0,0,0,0,0,0,0,0,0.001111605,0.000889284,0,0,0,0,0,0,0,0,0,0,0,0,0,0,0,0.001111605,0,0,0,0,0,0,0,0,0.000889284,0,0,0,0,0,0,0,0.000889284,0,0,0,0,0,0.006224989,0,0,0,0,0,0.002000889,0,0,0,0,0,0,0,0,0,0,0,0.006669631,0,0,0,0,0,0,0,0.010449088,0,0,0,0,0,0.001111605,0,0,0,0,0,0,0,0,0,0,0,0,0,0,0,0,0,0,0,0.000666963,0,0,0,0.001556247,0.001556247,0,0,0,0,0,0,0,0.000666963,0,0.000889284,0,0,0,0,0.000666963,0,0,0,0,0,0,0,0,0,0,0,0,0,0,0,0.003112494,0.016896398,0.002445531,0,0,0,0,0.001333926,0,0.000889284,0,0,0,0,0,0,0,0,0,0,0,0,0,0,0,0,0,0,0,0,0
c37,0,0,0.000260994,0.003079734,0,0,0,0,0,0.000104398,0.000339293,0,0.001800861,7.83E-05,0,0,0,0,0,0.000156597,0,0,0,0,0,0,0,0,0,0,0.000260994,0,0,0,0,0,0,0,0,0,0,0,0.000208796,0,0,0,0,0.009526295,0,0,0,0,0,0,0,0.002348949,0,0,0,0.00187916,0.009082605,0,0,0,0,0,0,0.000287094,0,0,0.000130497,0,0,0,0,0.000104398,0,0,0,0,0,0,0,0,0,0.000156597,0,0,0,0,0,0,0,0,0.000130497,0.000835182,0,0,0,0.000365392,0.00187916,0,0,0,0.000730784,0,0.000809083,0,0,0,0,0.002035756,0,0,0.000339293,0.007151246,0.004489103,0,0,0,0,0,0,0,0,0,0,0,0,0,0,0,0.000104398,0,0,0,0,0,0,0.000156597,0,0.004097612,0,7.83E-05,0,0,0,0,0,0,0,0,0,0,0,0,0,0.003079734,0.00044369,0.000417591,7.83E-05,0,0,0,0.00185306,7.83E-05,0,0,0,0,0,0,0,0,0,0,0,0,0,0,0,0,0,0,0,0,0,0.002870938
c38,0,0,0,0.000695652,0,0,0,0,0,0,0,0,0.003217391,0,0,0,0,0,0,0,0,0,0,0,0,0,0,0,0,0,0,0,0,0,0,0,0,0.000347826,0,0,0,0,0,0,0,0,0,0,0,0,0,0,0,0,0,0,0,0,0,0,0,0,0,0,0,0,0,0,0,0,0,0,0,0,0.004347826,0.004695652,0,0,0,0.000782609,0.006173913,0,0.003478261,0,0,0,0,0,0,0,0,0,0,0,0,0,0,0,0,0,0,0.000695652,0,0,0,0,0.000347826,0,0,0,0.000434783,0,0.000869565,0,0,0,0,0,0,0,0,0,0,0,0,0.002608696,0,0,0,0,0,0,0.00026087,0,0,0,0.000695652,0,0,0,0,0,0,0,0,0,0,0,0,0,0,0,0,0,0,0,0.00026087,0.00026087,0,0,0,0,0,0,0,0,0,0,0,0,0,0,0,0,0,0,0,0,0,0,0,0,0,0,0,0,0,0
c39,0.178988327,0,1.992217899,1.587548638,0.058365759,0,0,0,0,0,0.186770428,0,0.206225681,0.015564202,0.027237354,0.031128405,0,0,0,0,0,0,0,0.031128405,0,0,0.221789883,0,0,0,1.992217899,0,0,0,0,0,0,0.042801556,0.085603113,0,0,0,0.035019455,0,0,0.284046693,0,0,0,0,0,0,0.357976654,1.377431907,0.077821012,0.105058366,0,0,0,0,0.424124514,0,0,0,0,0,0,0,0,0.474708171,0.914396887,0,0.042801556,0,0.361867704,0.556420233,0,0,0,0,0.023346304,0.011673152,0.112840467,0,0,0,1.190661479,0.766536965,0,0,0,0,0.011673152,0,0.112840467,0.124513619,0,0,0,0,0,0.015564202,0.463035019,0.011673152,0,0,0.13229572,0,0.038910506,0,0.042801556,0,0.027237354,0.027237354,0,0,0.070038911,0,0,0,0.357976654,0.124513619,0.06614786,0,0,0.070038911,0.190661479,0.443579767,0.019455253,0.019455253,0,0.023346304,0.284046693,0,0.233463035,0,0.284046693,0.023346304,0.758754864,0,0,0,0.050583658,0,0,0,0,0,0,0,0,0,0,0,0,0.856031128,0,0.404669261,0,0,0,0.120622568,0,0.019455253,0,1.13618677,0,0,0,0.023346304,0,0,0,0,0,0,0,0,0,0.015564202,0,0,0,0,0,0,0,0
c3,0,0.000241903,0.001664864,0.000526496,2.13E-05,0,0,2.13E-05,0,0,0.001223746,0.000241903,0.00183562,0.000334396,0.000334396,0,0,0,0,0.000128066,0,0.000234789,0,4.98E-05,0.000305937,0,0.000106722,0,0,7.83E-05,0.001664864,0,0.000512266,0,2.85E-05,0,4.27E-05,0,0,7.83E-05,0,4.27E-05,0.000184985,5.69E-05,0,0,2.13E-05,2.85E-05,0,0,0,0,5.69E-05,0,0,0.000227674,0,0,0,0.000512266,0.000241903,0,0,0,2.13E-05,7.83E-05,0,0,0,2.13E-05,0.000227674,0,0,0,0,0,0,0.000142296,6.40E-05,5.69E-05,9.25E-05,0,0,0,0,0.000128066,2.85E-05,0.000113837,0,0.00017787,0,0,0,0,0.000569184,0.000683021,4.98E-05,8.54E-05,2.13E-05,0.000149411,0.000512266,0.001387387,9.96E-05,0.000149411,0,0,2.13E-05,0.000106722,3.56E-05,0.000419773,9.96E-05,0.000106722,7.83E-05,0,0.000291707,2.13E-05,0.000334396,0,2.85E-05,2.13E-05,0.000163641,0,0,2.85E-05,0,0.000142296,0.000384199,8.54E-05,0,2.85E-05,0.00017787,0,0.000149411,2.13E-05,3.56E-05,0,4.98E-05,2.13E-05,2.13E-05,2.85E-05,0,0,0,0,0.000128066,5.69E-05,0,0,0,4.27E-05,0,0,0,2.85E-05,0.000142296,2.85E-05,0.000618988,0.003920257,0.001088565,0.000441118,0.000540725,0.000241903,4.27E-05,0.000291707,0.001494109,0.000263248,0.000377085,2.13E-05,0.000106722,4.98E-05,0,0,0,0,0,0,2.13E-05,0,0,5.69E-05,0,0,5.69E-05,0,0,0,0,2.13E-05
c40,0,0,0,0,0,0,0,0,0,0,0.00128866,0,0.005154639,0,0,0,0,0,0,0,0,0,0,0,0,0,0,0,0,0,0,0,0,0,0,0,0,0.002147766,0,0,0,0,0,0,0,0,0,0,0,0,0,0,0,0,0,0,0,0,0,0,0,0,0,0,0,0,0,0,0,0,0,0,0,0,0,0,0,0,0,0,0.002147766,0,0,0,0,0,0,0,0,0,0,0,0,0,0,0,0,0,0,0,0,0,0,0,0,0,0,0,0,0,0,0,0,0,0,0,0,0,0,0,0,0,0,0,0,0,0,0,0,0,0,0,0,0,0,0,0,0,0,0,0,0,0,0,0.003006873,0.002147766,0,0.00128866,0,0,0,0,0,0,0,0.00257732,0.003436426,0,0,0,0,0,0,0,0,0,0,0,0,0,0,0,0,0,0,0,0,0,0,0,0,0,0,0,0,0,0,0
c42,0,0,0.001565405,0.00528324,0,0,0,0,0,0,0.001271891,0,0.005087565,0,0.000782702,0,0,0,0,0,0,0,0,0,0,0,0,0,0,0,0.001565405,0,0,0,0.001271891,0,0,0,0,0,0,0,0,0,0,0,0,0,0,0,0,0,0,0,0,0,0,0,0,0.00088054,0,0,0,0,0,0,0,0,0,0,0,0,0,0,0,0,0,0,0,0,0,0,0,0,0,0,0,0,0,0,0,0,0,0.000538108,0.002690539,0,0,0,0,0.000587027,0.00088054,0,0,0,0,0,0.000489189,0,0,0,0.000391351,0.001222972,0.000733783,0,0,0.008511887,0,0,0.001271891,0,0.000195676,0,0,0,0,0,0,0,0,0,0,0,0,0,0,0,0,0,0,0,0,0,0,0,0,0,0,0,0,0,0,0,0.001712161,0,0,0,0,0.000978378,0,0,0,0,0,0,0,0,0,0,0,0,0,0,0,0,0,0,0.001027297,0,0,0,0,0,0,0,0,0.015751883,0.007044321,0
c43,0,0.001347709,0,0,0,0,0,0,0,0,0.001123091,0.001347709,0.00853549,0,0,0,0,0,0,0,0,0,0,0,0,0,0,0,0,0,0,0,0,0,0,0,0,0,0,0,0,0,0,0,0,0,0,0,0,0,0,0,0,0,0,0,0,0,0,0.003144654,0,0,0,0,0,0,0,0,0,0,0,0,0,0,0,0,0,0,0,0,0,0,0,0,0,0,0,0,0,0.004043127,0,0,0,0,0.001123091,0,0,0,0,0,0.003144654,0.00853549,0.000898473,0,0,0,0,0,0,0,0,0,0,0,0,0,0,0,0,0,0,0.000898473,0,0,0,0.001123091,0,0,0,0,0,0,0.003144654,0,0,0,0,0,0,0,0,0,0,0,0.013027853,0.001796945,0,0.002920036,0,0.001572327,0,0,0,0,0,0,0,0.001123091,0,0,0,0,0,0,0.001347709,0,0.001123091,0,0,0,0,0,0,0,0,0,0,0,0,0,0,0,0,0,0,0,0,0
c44,0,0,0.000635324,0.001747141,0,0,0,0,0,0,0.004606099,0,0.001747141,0,0,0,0,0,0,0,0,0,0,0,0,0,0,0,0,0,0.000635324,0,0,0,0.00158831,0.006670902,0,0,0,0,0,0,0,0,0,0,0,0,0,0,0.001905972,0,0,0,0,0,0,0,0,0,0.001429479,0,0,0,0,0,0,0,0,0,0,0,0,0,0,0,0,0,0,0,0,0,0,0,0,0,0,0,0,0,0,0.001270648,0,0,0,0,0,0,0,0,0,0.000476493,0,0,0,0,0,0,0,0,0,0,0,0,0,0,0.000794155,0,0.00158831,0,0,0,0,0,0,0,0,0,0,0,0,0,0.001747141,0,0,0,0,0,0,0,0,0,0,0,0,0,0,0,0,0,0,0,0,0,0,0.000476493,0,0,0,0,0,0,0,0,0,0.000476493,0,0.005082592,0,0.000476493,0,0,0,0,0,0,0,0,0,0,0,0,0,0,0.006670902,0,0,0
c46,0,0,0,0.002452026,0.004584222,0.009061834,0,0.003198294,0,0,0.000533049,0,0.001066098,0,0,0,0,0,0,0,0,0,0,0,0,0.000426439,0,0,0,0,0,0,0,0,0.000852878,0,0,0.000533049,0,0,0,0,0,0,0,0,0,0,0,0,0,0,0,0,0,0,0,0,0,0,0,0,0,0,0,0,0,0,0,0,0,0,0,0,0,0.000319829,0,0,0,0,0,0,0,0,0,0,0,0,0,0,0,0,0,0,0.000852878,0,0,0,0,0,0,0,0,0,0,0,0,0.000959488,0,0,0,0,0.000319829,0,0,0,0,0,0.000852878,0,0.000319829,0,0,0,0,0.000319829,0.000426439,0.000533049,0,0,0,0,0.001172708,0,0,0.001812367,0.000426439,0,0,0,0,0,0,0,0,0,0,0,0,0,0,0,0,0,0,0.002558635,0,0,0,0,0,0.000319829,0,0,0,0.000319829,0,0,0,0,0,0,0,0,0,0,0,0,0,0,0.000426439,0,0,0,0,0,0,0
c47,0,0,0,0.002147695,0,0,0,0,0,0,0.001321659,0,0.001239055,0,0.000743433,0,0,0,0,0,0,0,0,0,0,0.000247811,0,0,0,0,0,0,0,0,0.011399306,0.002643317,0,0.000247811,0,0,0.000826037,0,0,0,0,0,0,0,0,0,0,0,0,0,0,0,0,0,0,0,0,0,0,0,0,0,0,0,0,0,0,0,0,0,0,0.000330415,0,0,0,0,0.000495622,0,0,0,0,0,0,0,0,0.001734677,0,0,0,0,0.003056336,0,0,0,0,0,0,0.001899884,0,0.009251611,0,0,0,0.000247811,0,0.003056336,0.003551958,0,0.000991244,0,0.000330415,0,0.000991244,0,0.011399306,0,0.000330415,0,0,0,0,0,0,0,0,0,0,0,0,0,0,0,0,0,0,0,0,0,0,0,0.006030068,0.000247811,0,0,0,0,0,0,0,0,0.000578226,0.001321659,0.00090864,0,0,0,0,0.000413018,0,0,0,0.001073848,0,0,0,0.000660829,0,0,0,0,0,0,0,0,0,0,0,0,0,0,0.002643317,0,0,0
c48,0,0.072368421,0,0.016447368,0,0,0,0,0,0,0.004934211,0.072368421,0.03125,0,0,0,0,0,0,0,0,0,0,0,0,0.006578947,0,0,0,0,0,0,0,0,0,0,0,0.004934211,0,0,0.047697368,0,0,0,0,0,0,0,0,0,0,0,0,0,0,0,0,0,0,0,0,0,0,0,0,0,0,0,0,0,0,0,0,0,0,0,0,0,0,0,0,0,0,0,0,0,0,0,0,0.039473684,0,0,0,0,0.037828947,0,0,0,0,0,0,0.041118421,0,0,0,0,0,0,0,0,0,0,0,0,0,0,0.004934211,0,0,0,0,0,0,0,0,0,0,0,0,0,0,0,0,0,0,0,0,0,0,0,0,0,0,0,0.098684211,0.021381579,0.009868421,0.018092105,0.036184211,0,0,0,0,0,0,0,0,0,0,0,0,0,0,0,0,0,0,0,0,0,0,0,0,0,0,0,0,0,0,0,0,0,0,0,0,0,0,0
c4,0,0,0,0.00133856,0,0,0,0,0,0,0.010708481,0,0.009083086,0.001242949,0,0,0,0,0,0,0,0,0,0,0.000764891,0,0,0,0,0,0,0,0,0,0,0,0,0,0,0.008796252,0,0,0,0,0,0,0,0,0,0.001721006,0,0,0,0,0,0,0,0,0,0.000956114,0,0,0,0,0,0,0,0,0,0,0.002294674,0,0,0,0,0,0,0.014150492,0,0,0,0,0,0,0,0,0,0,0,0,0,0,0,0,0.013289989,0.027058036,0,0,0.000382446,0,0.000956114,0.002868343,0,0.003537623,0,0,0,0,0,0.000573669,0.0033464,0,0,0,0.000573669,0,0.009656755,0,0,0,0,0,0,0,0,0.000573669,0.000573669,0.002390286,0,0,0.003633235,0,0,0,0,0,0,0,0,0,0,0,0,0,0,0,0,0,0,0,0,0,0,0,0.000573669,0,0,0.008605029,0,0,0.004398126,0,0,0,0.005067406,0.000478057,0,0,0,0,0,0,0,0,0,0,0,0,0,0,0,0,0,0,0,0,0,0
c51,0,0.000503715,0.001763002,0.000503715,0,0,0,0,0,0,0,0.000503715,0.003148218,0,0.000503715,0,0,0,0,0,0,0,0,0,0,0,0,0,0,0,0.001763002,0,0,0,0,0,0,0,0,0,0,0,0.000629644,0,0,0,0,0,0,0,0,0,0,0,0,0,0,0,0,0.001511145,0,0,0,0,0,0,0,0,0,0,0.000377786,0,0,0,0,0,0,0,0,0,0,0,0,0,0,0,0,0,0,0,0,0,0,0,0.000377786,0.001637073,0.000629644,0,0.000377786,0,0.001511145,0.000755572,0,0,0,0,0,0,0,0,0,0,0,0,0,0,0,0,0,0,0,0,0,0,0,0,0,0,0,0,0,0,0,0,0,0,0,0,0,0.000503715,0,0,0,0,0,0,0,0,0,0,0,0,0,0,0,0,0,0.00692608,0.002518574,0.000881501,0,0,0,0,0.003400076,0,0,0,0,0,0,0,0,0,0,0,0,0,0,0,0,0,0,0,0,0,0,0
c52,0,0.001447702,0.003619254,0.00334781,0,0.000452407,0,0,0,0,0.000904814,0.001447702,0.003709736,0.002714441,0.000904814,0,0,0,0,0,0,0,0,0,0,0,0,0,0,0,0.003619254,0,0,0,0,0,0,0,0,0,0,0,0,0,0,0,0.001447702,0,0,0,0,0,0,0,0,0,0,0,0,0,0.000723851,0.00135722,0,0,0,0.000271444,0,0,0,0,0.000271444,0,0,0,0.000271444,0,0,0.000723851,0,0,0,0,0,0,0,0,0,0.004162143,0,0,0,0,0,0,0.001719146,0.00334781,0,0,0.002623959,0.000452407,0,0.000904814,0,0,0,0,0,0,0,0,0,0.000361925,0.000361925,0,0.000904814,0,0.000271444,0,0,0,0,0.000904814,0,0,0,0.001628664,0.001628664,0.000271444,0,0.000271444,0,0,0,0,0.000904814,0.000361925,0,0.000542888,0.001266739,0,0,0,0,0,0,0,0,0,0,0,0,0,0,0,0,0,0,0.013662685,0.004795512,0.001085776,0.000995295,0,0,0,0.006152733,0,0.001176258,0,0,0,0,0,0,0,0,0,0,0,0,0,0,0,0,0,0,0,0,0
c57,0.000308494,0.000274217,0.001508192,0.007129636,0,0.000137108,0,0,0,0,0.000891204,0.000274217,0.00106259,0.000137108,0.000274217,0,0,0,0,0,0,0,0.000616988,0.000137108,0,0,0,0,0,0,0.001508192,0,0,0,0,0,0,0.00023994,0,0,0,0.00023994,0.000959759,0,0,0.000959759,0,0,0,0,0,0,0.002879276,0.000514156,0.000308494,0.004421745,0,0,0,0,0.001953794,0.000891204,0,0,0,0,0,0,0,0.000445602,0.001988072,0.000616988,0.009906081,0.000514156,0.001405361,0.000445602,0,0,0.000342771,0.000205663,0.001268253,0,0.001645301,0,0,0,0,0.007369576,0,0.000102831,0,0.000925482,0,0,0.001199698,0.00023994,0,0,0,0.000137108,0,0.000685542,0,0.002639336,0,0,0,0,0,0.00023994,0,0,0.000891204,0.000137108,0,0,0.00082265,0,0,0,0,0.000616988,0.000137108,0,0,0.001268253,0.005484335,0.000308494,0,0.000274217,0,0.000548434,0.007129636,0,0.001199698,0.000616988,0.000548434,0.000102831,0.001028313,0,0,0,0,0,0.00023994,0,0,0,0,0.000137108,0,0.000137108,0,0,0,0.001096867,0.000548434,0.017309934,0,0,0,0.000891204,0.000205663,0,0,0.000137108,0.000205663,0,0,0.000171385,0,0,0,0,0,0,0,0,0,0,0,0,0,0.000788373,0,0,0,0
c5,0,0,0,0.001119507,0,0,0,0,0,0,0.001119507,0,0.019871257,0,0,0,0,0,0,0,0,0,0,0,0,0,0,0,0,0,0,0,0,0,0,0,0,0.001119507,0,0,0,0,0,0,0,0,0,0,0,0,0,0,0,0,0,0,0,0,0,0.027987685,0,0,0,0,0,0,0,0,0,0,0,0,0,0,0,0,0,0,0,0,0,0,0,0,0,0,0,0,0,0.003078645,0,0,0.008396306,0,0,0,0,0,0,0.001119507,0.027987685,0,0,0,0,0,0,0,0,0,0,0,0,0,0,0,0,0,0,0,0,0,0,0,0.008396306,0,0,0,0,0,0,0,0,0,0,0,0,0,0,0,0,0,0,0,0,0,0,0,0,0,0,0,0,0,0,0,0,0.005877414,0,0,0,0,0,0.003918276,0.001119507,0,0.001679261,0,0,0,0.026308424,0,0,0,0.000839631,0,0,0,0,0.002798769,0,0,0,0,0,0,0,0
c62,0,0.000920387,0.001840773,0.003911643,0,0,0,0,0,0,0,0.000920387,0.00276116,0,0,0,0,0,0,0,0,0,0,0,0,0,0,0,0,0,0.001840773,0,0,0,0,0,0,0,0,0,0,0,0,0,0,0,0,0,0,0,0,0,0,0,0,0.00207087,0,0,0,0,0.00345145,0,0,0,0,0,0,0,0,0,0,0,0,0,0,0,0,0,0,0,0,0,0,0,0,0,0,0,0,0,0,0,0,0,0.00138058,0,0,0,0,0,0,0,0,0,0,0,0,0,0,0,0.003911643,0,0,0,0,0,0,0,0,0,0,0,0,0,0,0,0,0,0,0,0,0,0,0,0,0,0,0,0,0,0,0,0,0,0,0,0,0,0,0,0,0,0,0,0,0,0,0.010124252,0,0,0.00069029,0,0,0,0.012195122,0,0,0,0,0,0,0,0,0,0,0,0,0,0,0,0,0,0,0,0,0,0,0
c64,0.000170051,0,0.003435024,0.005237561,0,0,0,0,0,0,0.000340101,0,0.000204061,0,0,0,0,0,0,0,0,0,0,0,0,0,0.000527157,0,0,0,0.003435024,0,0,0,0,0,0,0,0.000153046,0,0,0,0.000170051,5.10E-05,0,0.003367003,0,0,0,0,0,0,0.000799238,0.002839846,0.000170051,0.000255076,0,6.80E-05,0,0,0.000187056,0,0,0,0,0,0,0,0,0.001530456,0.003349998,0,0,0,0.001887562,0.002431725,0,6.80E-05,0,0,0,0,0.000187056,0,0,0,0.002210659,0.002805836,0,0,0,0,0,0,0.000272081,0.000238071,0,0,0,0,0,0,0.001003299,0,0,0.000153046,0,0,0.000153046,0,8.50E-05,0,5.10E-05,0,5.10E-05,0,0.000119035,0,0,0,0.001190355,0.000136041,0.00010203,0,0,0.000119035,0.000238071,0.003673095,0,0,6.80E-05,0,0.000340101,0,0.000136041,0,0.000221066,0.00010203,0.001887562,0,0,0,0,0,0,0,0,0,0,0,0,0,0,0,0,0.000816243,0,0.001071319,0,0,0,0.000748223,0.000204061,6.80E-05,0,0.002720811,0,0,0,0,0,0,0,0,0,0,0,0,0,0,0,0,0,0,0,0,0,0
c7,0,0,0.003052503,0.003968254,0,0,0,0,0,0,0.003357753,0,0.01007326,0,0,0,0,0,0,0,0,0,0,0,0,0,0,0,0,0,0.003052503,0,0,0,0,0,0,0,0,0,0,0,0,0,0,0,0,0,0,0,0,0,0,0,0,0,0,0,0,0,0,0,0,0,0,0,0,0,0,0,0,0,0,0,0,0,0,0.001831502,0,0,0,0,0,0,0,0,0,0,0,0,0,0,0,0,0.001221001,0.007020757,0,0,0,0.001526252,0,0,0,0,0,0,0,0,0,0,0.002136752,0,0,0,0,0,0,0,0,0,0,0,0,0,0,0,0,0,0,0,0,0,0,0,0,0,0,0,0,0,0,0,0,0,0,0,0,0,0,0,0,0,0,0,0,0,0,0.010989011,0,0,0.005799756,0,0,0,0,0.003968254,0,0,0,0,0.010683761,0,0,0,0,0,0,0,0,0,0,0,0,0,0,0,0,0
c8,0,0,0.001876636,0.002765569,0,0,0,0,0,0,0.000740777,0,0.001333399,0,0,0,0,0,0,0,0,0,0,0.000148155,0,0,0.00172848,0,0,0,0.001876636,0,0,0,0,0,0,0,0.000493852,0,0,0.000197541,0.000493852,0,0,0.000395081,0,0,0,0,0,0,0,0,0,0.000246926,0,0,0,0.000197541,0.002074177,0.001580325,0,0,0,0,0,0,0,0.000148155,0,0,0,0,0.004987901,0.007654699,0,0,0,0.000543237,0.000395081,0.000197541,0.004098968,0,0,0,0.001432169,0,0,0.000395081,0,0,0,0,0.002024791,0.001432169,0,0.000246926,0,0,0.000197541,0.001926021,0,0,0,0,0.001975406,0,0,0.002074177,0,0,0.002024791,0,0.000246926,0,0.001185244,0,0,0,0.002074177,0.005037286,0.000148155,0,0,0.004938515,0.006271915,0.005037286,0.001037088,0.001827251,0.000444466,0.004000198,0.002469258,0,0,0.000345696,0.003950812,0,0,0,0,0.000197541,0,0,0.000197541,0,0,0,0,0,0,0,0,0.000296311,0.001975406,0.011161045,0.000345696,0.001382784,0,0,0,0.003654501,0,0,0,0.00325942,0,0,0,0.000148155,0,0,0,0,0,0,0,0,0,0,0,0,0,0.000197541,0,0,0,0
chub,0,0,0,0.000631567,0.000287076,0.001148303,0,0,0,0,0.000631567,0,0.000631567,0.000287076,0.000229661,0,0,0,0,0,0,0,0,0.000229661,0.003502325,0.000344491,0,0,0,0,0,0,0,0,0.000803812,0,0,0,0,0,0,0,0,0,0,0,0,0,0,0,0,0,0,0,0,0,0,0,0,0.000459321,0,0,0,0,0,0,0,0,0,0,0,0,0,0,0,0.000287076,0.000229661,0,0,0,0,0,0,0,0,0,0.000172246,0,0,0,0,0,0,0,0,0.000459321,0,0,0,0,0.000459321,0,0,0,0,0,0,0.000746397,0.000172246,0.010162485,0,0,0.002755928,0,0.001607625,0,0.000631567,0,0.000803812,0,0.000287076,0,0,0,0,0,0,0.000229661,0,0,0,0,0.000229661,0,0,0.000631567,0.000172246,0,0.000401906,0,0,0,0.000172246,0,0,0,0,0,0,0.000459321,0,0,0,0,0,0.001607625,0.000918643,0,0,0,0.000287076,0.000229661,0,0,0,0.001148303,0,0,0,0.000287076,0,0,0,0,0,0,0,0,0,0,0,0,0,0,0,0,0,0
d10,0,0,0.003157895,0.008947368,0,0,0,0,0,0,0.006315789,0,0.074736842,0,0.004210526,0,0.001578947,0,0,0,0,0,0,0,0,0,0,0,0,0,0.003157895,0.002105263,0.052631579,0,0,0,0,0.003684211,0,0,0,0,0.007368421,0,0,0,0,0,0,0,0,0,0,0,0,0.005789474,0,0,0,0.033684211,0,0,0,0,0,0,0,0,0,0.002105263,0,0,0,0,0,0.003684211,0,0,0,0,0,0,0,0,0,0,0,0,0,0,0,0,0,0,0.052631579,0.057368421,0,0,0,0.001578947,0.033684211,0.01,0,0,0,0,0.003157895,0,0,0,0,0,0,0,0.003157895,0,0,0,0,0,0,0,0.002105263,0.025789474,0.01,0.031052632,0.031052632,0,0,0,0,0,0,0,0,0,0.001578947,0,0,0.007368421,0,0,0,0,0,0,0,0,0,0,0,0,0,0,0,0,0,0.04,0,0,0,0,0,0,0,0,0,0,0,0,0,0,0,0,0,0,0,0,0,0,0,0,0,0,0,0,0,0
d11,0,0,0.000823384,0.000205846,0,0,0,0,0.00295046,0.007753534,0.000205846,0,0,0.000754769,0,0,0,0,0,0,0,0,0,0,0,0,0,0,0,0,0.000823384,0,0,0,0,0,0,0.000343077,0,0,0,0,0,0,0,0,0,0,0,0,0,0,0,0,0,0.000274461,0,0,0,0,0,0,0,0,0,0,0.000411692,0.001440922,0,0,0,0,0,0,0,0,0,0,0,0,0,0,0,0,0,0,0,0,0,0.000274461,0,0,0,0,0,0.000754769,0,0,0,0,0,0,0,0,0.001303692,0,0.001989845,0,0,0,0,0.000205846,0,0,0.000205846,0,0,0,0,0,0,0,0,0,0,0.000343077,0.000343077,0,0,0,0,0,0.000548923,0,0,0,0,0,0,0,0,0.001578153,0,0.000274461,0,0,0,0,0,0,0.000274461,0,0,0,0,0,0,0.000754769,0,0,0,0,0,0,0,0,0,0,0,0,0,0,0,0,0,0,0,0,0,0,0,0,0,0,0,0,0,0
d12,0,0.002373042,0.032985287,0.016729948,0,0,0,0,0,0,0.003440911,0.002373042,0.011983863,0,0.002966303,0,0,0,0,0,0,0,0,0,0,0,0.001067869,0,0,0,0.032985287,0,0,0,0,0,0.000711913,0,0.000355956,0.000830565,0,0,0.007712387,0.000593261,0,0,0,0,0.000355956,0,0,0,0,0,0,0.005220693,0,0,0,0,0.015306122,0,0,0,0,0,0,0.000593261,0,0.000711913,0,0,0,0,0,0,0,0.00676317,0,0,0,0,0,0,0,0,0,0.000593261,0,0.001067869,0,0,0.004864737,0,0.007712387,0.012458472,0,0,0.000830565,0.000474608,0,0.004390128,0,0,0.002847651,0,0.001305173,0,0,0.000949217,0,0,0.004627432,0,0.000949217,0,0.001186521,0,0,0,0,0.000355956,0,0.00166113,0.007593735,0.001067869,0.003678215,0,0,0,0,0,0.003084955,0,0,0,0,0,0,0,0,0,0,0,0.002017086,0.00225439,0,0,0,0.000593261,0,0,0,0,0,0,0,0.054935928,0,0,0.000711913,0.000474608,0.002373042,0.000474608,0.010204082,0.000474608,0.000593261,0,0,0,0,0,0,0,0,0,0,0,0,0,0,0,0,0.000355956,0,0,0,0
d1,0,0,0.003951859,0.003772229,0,0,0,0,0,0,0.017603736,0,0.035387103,0.0017963,0.005927789,0,0,0,0,0,0,0,0,0,0,0,0,0,0,0.003233339,0.003951859,0,0,0,0,0,0,0,0,0,0,0.00143704,0.00197593,0,0,0,0,0,0,0,0,0,0,0,0,0,0,0,0,0,0.00197593,0,0,0,0,0,0,0.00053889,0,0,0,0,0,0,0,0,0,0,0,0,0,0,0,0,0,0,0,0.00107778,0,0,0,0,0,0,0.018322256,0.083168673,0,0,0,0.003592599,0,0.007903718,0,0,0,0,0.005029639,0,0,0.00053889,0,0,0,0,0,0,0,0,0,0,0,0,0,0,0,0,0,0,0,0,0,0,0,0,0,0,0,0,0,0,0,0.00089815,0,0,0,0,0,0,0,0,0,0,0,0,0,0,0,0.019040776,0,0,0,0,0,0,0.005927789,0,0,0,0,0,0,0,0,0,0,0,0,0,0,0,0,0,0,0,0,0,0,0
d2,0,0,0,0.027848485,0,0,0,0,0,0,0,0,0,0,0,0,0,0,0,0,0,0,0,0,0,0,0,0,0,0,0,0,0,0,0,0,0,0,0,0,0,0,0,0,0,0,0,0,0,0,0,0,0,0,0,0,0,0,0,0,0,0,0,0,0,0,0,0,0,0,0,0,0,0,0,0,0,0,0,0,0,0,0,0,0,0,0,0,0,0,0,0,0,0,0,0,0,0,0,0,0,0,0,0,0,0,0,0,0,0,0,0,0,0,0,0,0,0,0,0,0,0,0,0,0,0,0,0,0,0,0,0,0,0,0,0,0,0,0,0,0,0,0,0,0,0,0,0,0,0,0,0,0,0,0,0,0,0,0,0,0,0,0,0,0,0,0,0,0,0,0,0,0,0,0,0,0,0,0,0,0,0,0,0,0,0,0,0
d5,0,0,0,0.007151777,0,0,0,0,0,0,0.007492337,0,0,0.003632648,0,0,0,0,0,0,0,0,0,0,0,0,0,0,0,0,0,0,0,0,0,0,0,0,0,0,0,0,0,0,0,0,0.023952776,0,0,0,0,0,0,0,0,0,0,0,0,0.066295834,0,0,0,0,0.011806107,0.095243501,0,0,0,0,0,0,0,0,0,0,0,0.000340561,0,0,0,0.002724486,0,0,0,0,0,0,0,0.028607106,0,0,0,0,0.024633897,0.002270405,0,0,0.008173459,0,0.066295834,0.009422182,0,0,0,0,0,0,0,0,0,0.006811216,0,0.001021682,0,0,0.00431377,0,0,0,0,0,0,0,0,0.056873652,0.063457827,0,0,0,0,0,0,0,0,0,0,0,0,0,0,0.001248723,0,0,0,0,0,0,0,0,0,0,0.002610966,0,0.016800999,0,0,0.036894086,0,0.003973209,0,0,0,0,0.032239755,0.003178567,0,0,0,0,0,0,0,0,0,0,0,0,0,0,0,0,0,0,0,0,0,0
d6,0,0,0.010448825,0.023905644,0,0,0,0,0,0.001583155,0.004511992,0,0.051531703,0,0.007361672,0,0,0,0,0.001583155,0,0,0,0,0,0,0,0,0,0,0.010448825,0,0,0,0,0,0,0,0.000554104,0,0,0,0.008311565,0,0,0.000474947,0,0,0,0,0,0,0,0,0,0.010211351,0,0,0,0,0,0,0,0,0,0,0,0.004749466,0,0,0.00316631,0,0,0,0,0,0,0.000554104,0,0,0,0,0,0,0,0.001583155,0,0,0,0.002216417,0,0,0.000870735,0,0.018127127,0.079474392,0.004432835,0.00142484,0.048998654,0.066571677,0,0.03253384,0,0,0.005066097,0,0.029130056,0,0,0,0.00213726,0,0,0,0.009736405,0,0,0,0,0,0,0,0,0,0,0.000395789,0.000633262,0,0,0,0,0,0.018285443,0.010132193,0,0,0,0.000554104,0,0,0,0.001820629,0.000870735,0.001662313,0,0,0,0,0,0,0,0,0.004037046,0,0,0,0,0.168764347,0.022955751,0.009815562,0.001899786,0,0,0,0.115016227,0,0.002216417,0,0.00071242,0,0,0,0,0,0,0,0,0,0,0,0,0,0,0,0,0,0,0
d7,0,0.000268754,0.005293293,0.002851133,0,0,0,0,0,0,0.00227857,0.000268754,0.003634027,0.000648516,0.000408974,0,0,0,0,0,0,0,0,0,7.60E-05,0,0.000730311,0,0,0,0.005293293,0,0,0,0,9.35E-05,8.76E-05,0,0,0,0,0,0.000654358,4.67E-05,0,0,0.000777051,0,0,0,0,0,0,0,0,0.002494742,0,0,0,0.013799953,0,0,5.84E-05,0,0.001583314,0.000537509,0,0.000572564,0,0,0.000508296,0,0,0,0,0.000251227,0,0.00094064,0,0,0,0.00014022,0,0,0,0,0,0.000999065,0,0,0,0,0,0,0.001904651,0.018257771,0,0,0.000169432,0.000216172,0.013799953,0.002529797,0,7.60E-05,0,0,0,0,0,0,0.000408974,0.001641739,3.51E-05,0,0.001530731,0,0,0,0,0,0,0.000356392,0,0,0,0.000601776,0.000905585,0,0,0.000233699,0,0,0,0,0,0,0,0,0,0.000257069,0,0,0,0,0.000227857,0.00018696,0,0,0,0,0,0,0.000315494,0,0,0,0,0.015733816,0.009546623,0.001980603,0.001437252,0,9.93E-05,0.000257069,0.013174807,0,0,0,0,0,0,0,0,0,0,0,0,0,0,0,0,0,0,0,9.35E-05,0,0,0
d8,0.004121823,0.001831921,0.010533547,0.048660408,0.00045798,0.00068697,0,0,0,0,0.008816121,0.001831921,0.013853904,0.001831921,0.002518892,0,0,0,0,0,0,0,0.001602931,0.002633387,0,0,0.001717426,0,0,0,0.010533547,0,0,0,0,0,0,0.004121823,0.004236318,0,0,0.001144951,0.00675521,0.000915961,0.00068697,0.00744218,0,0,0.00045798,0,0,0.000343485,0.010075567,0.02186856,0.001144951,0.012937944,0,0,0,0,0.0069842,0.001144951,0,0,0,0,0,0,0.002862377,0.006297229,0.016258301,0.001602931,0.03789787,0.00068697,0.022441035,0.038699336,0,0.002060911,0.004350813,0.006526219,0.011792993,0,0.027020838,0,0.001144951,0,0.005381269,0.019464163,0,0.001373941,0,0,0.000343485,0,0.065949164,0.004121823,0,0,0.002289902,0.000343485,0,0.047744447,0,0.026219373,0,0,0,0,0,0.016143806,0,0,0.006297229,0.001717426,0,0,0.001144951,0,0,0,0.002289902,0.023128005,0.001602931,0.000572475,0,0.039500801,0.048545913,0.018548202,0.005724754,0.006640714,0.004923288,0,0.033776048,0,0.004465308,0.011678498,0.026448363,0.002633387,0.004465308,0,0,0,0,0,0.004923288,0.00068697,0,0.000572475,0,0.00045798,0,0.00068697,0,0,0,0.011449508,0.084955347,0.0372109,0,0,0.00068697,0.004007328,0,0,0,0.023700481,0.000572475,0,0,0.000915961,0,0,0,0,0,0,0,0,0,0,0,0,0,0.001373941,0,0,0,0
d9,0,0.008860759,0,0.012025316,0,0,0,0,0,0,0.005316456,0.008860759,0.028734177,0,0,0,0,0,0,0,0,0,0,0,0,0,0,0,0,0,0,0,0,0,0,0,0,0.005696203,0,0,0,0,0.007341772,0,0,0.002151899,0,0,0,0,0,0,0,0,0,0,0,0,0,0.012405063,0,0,0,0,0,0,0,0,0,0,0,0,0,0,0,0,0,0,0,0,0,0,0,0,0,0,0,0,0,0.002405063,0,0,0,0,0.039113924,0.009113924,0,0.001392405,0,0.002658228,0.012405063,0.010632911,0.033417722,0,0,0,0,0,0,0,0,0,0,0,0,0,0.005949367,0,0,0,0,0,0,0.000759494,0,0,0,0,0,0,0,0,0.026708861,0,0,0,0,0,0,0,0,0,0,0,0,0,0,0,0,0,0,0,0,0,0,0,0,0.032025316,0,0,0,0,0,0,0,0,0,0,0.00278481,0,0,0,0,0,0,0,0,0,0,0,0,0,0,0,0,0,0,0.003291139
e12,0,0,0,0.000496877,0.000212947,0,0,0,0,0,0.00028393,0,0.000567859,0.00028393,0.00028393,0,0,0,0,0,0,0,0,0,0,0,0,0,0,0,0,0,0,0,0.001561613,0.002555366,0,0,0,0,0,0,0,0.000496877,0,0,0,0,0,0,0,0.00028393,0.000709824,0,0,0,0,0,0,0,0.002555366,0,0,0,0,0,0,0,0,0,0,0,0,0,0,0,0.000780806,0,0,0,0,0,0,0,0,0,0,0,0,0.000638842,0.000354912,0.000212947,0,0,0.000638842,0.000638842,0,0,0,0.00028393,0,0.00028393,0,0,0,0,0.000212947,0,0,0.000567859,0,0,0,0,0,0,0.000425894,0,0.001561613,0,0,0,0,0,0,0,0,0,0,0,0,0,0.001987507,0,0,0,0,0,0,0,0,0,0,0,0,0,0,0,0,0,0,0,0,0,0,0,0,0.001561613,0,0,0,0,0,0,0,0.001206701,0,0,0,0.00149063,0.000567859,0.000567859,0,0.000425894,0,0,0.001135718,0,0,0,0.000496877,0.001206701,0.000496877,0.001277683,0.002555366,0,0,0
e13,0,0,0,0.002129472,0,0,0,0,0,0,0.000496877,0,0.001632595,0.000496877,0.000496877,0,0,0,0,0,0,0,0,0,0,0,0,0,0,0,0,0,0,0,0.003975014,0.00354912,0,0.000212947,0,0,0,0.000212947,0.000212947,0,0.005110733,0,0,0,0,0,0,0.000354912,0.000780806,0,0,0,0,0,0,0.000425894,0.003052243,0,0,0,0,0,0,0,0,0,0,0,0,0,0,0,0,0,0,0,0,0,0,0,0,0,0,0,0,0.000780806,0,0.000638842,0,0,0.002697331,0.001064736,0,0,0,0.000354912,0.000425894,0.000496877,0,0,0,0,0.000425894,0,0,0.000709824,0,0,0,0,0,0,0.000780806,0,0.003975014,0,0,0,0,0,0,0,0,0,0,0,0,0,0.002342419,0,0,0,0,0,0,0,0,0,0,0,0,0,0,0,0,0,0,0,0,0,0,0,0,0.002555366,0,0,0,0,0,0,0,0.001277683,0,0,0,0.003904032,0,0.000638842,0,0,0,0,0.002129472,0,0,0,0,0,0.000780806,0.003620102,0.00354912,0,0,0
e14,0,2.329411765,0,0.482352941,0,0,0,0,0,0,2.388235294,2.329411765,2.352941176,0.576470588,1.070588235,0,0,0.164705882,0,0,0,0,0,0,0,0,0,0,0,0,0,0,0,0,0,0,0,0,0,0,0,0,0,0.105882353,0,0,0,0,0,0,0,0,0,0,0,0.623529412,0,0,0,1.129411765,0,0,0,0,0,0,0,0,0,0.105882353,0,0,0,0,0.035294118,0.117647059,0,0,0,0,0,0,0,0,0,0,0,0,0,0,0,0,0,0,2.2,0.529411765,0,0,0,0.376470588,1.129411765,0.470588235,0.105882353,0.058823529,0,0,0,0,0,0,0,0.117647059,0,0,0.152941176,0,0.494117647,0,0,0,0,0,0.047058824,0,0,0.094117647,0.494117647,0,0,0.082352941,0,0,1.741176471,0,0,0,0,0,0,0,0,0,0,0,0,0,0,0,0,0,0,0,0.635294118,0,0,0,0,3.117647059,0,0,0.952941176,0,0,0,0.082352941,0,0,0,0.117647059,0.317647059,0,0,0,0,0,0,0,0,0,0,0,0,0,0.317647059,0,0,0,0
e15,0,0.008555229,0,0.001164321,0,0,0,0,0,0.000151868,0.000531538,0.008555229,0.00113901,0.000961831,0.000126557,0,0,0,0,0,0,0,0,0,0,0,0,0,0,0,0,0,0,0,0.000101245,0,0,0.000430293,0,0,0,0.000202491,0.000734029,0,0,0.000936519,0,0,0,0,0,0,0.001873038,0,0,0.003265161,0,0,0,0.001164321,0.003417029,0,0,0,0,0,0,0.000430293,0.000177179,0,0,0,0,0,0,0,0,0.000177179,0,0,0,0,0.000151868,0,0,0,0,0,0,0,0,0,0,0,0.000278425,0.001670548,0,0,0,0.001746482,0.001164321,0.000177179,0,0.000278425,0.000404981,0,0.002531133,0,0,0.000177179,0,0,0,0,0.000202491,0,0.004100435,0,0.000101245,0.000126557,0,0,0,0,7.59E-05,0.000151868,0.000253113,0,0,0,0,0,0.000734029,0,0,0,0,0,0,0.000151868,0,0,0,0,0,0,0,0,0,0,0,0,0,0,0,0.001088387,0.002227397,0.005948162,0,0,0,7.59E-05,0,0.000101245,0,0.000632783,0,0,0,0.002429888,0.001037765,0.001088387,0,0,0,0,0.000987142,0,0,0,0,0,0.001923661,0.001189632,0,0,0,0
e16,0,0.015025791,0.000897062,0.00123346,0,0,0,0,0,0,0.008970621,0.015025791,0.01054048,0.009867683,0.004597443,0,0,0,0,0,0,0,0,0,0.000560664,0.000336398,0.000784929,0,0,0,0.000897062,0,0,0,0,0,0,0,0,0,0,0.000448531,0.001569859,0,0,0,0,0,0,0,0,0,0.003027585,0,0,0.011998206,0,0,0,0.019286836,0.003476116,0,0,0,0,0,0,0.002354788,0,0,0,0,0,0,0,0,0,0.000448531,0,0,0,0,0,0,0,0,0,0,0,0.000672797,0,0,0,0,0.00123346,0.002466921,0,0,0,0.017492711,0.019286836,0.001009195,0,0.001009195,0,0,0.000560664,0,0,0.001121328,0,0,0.000672797,0,0.000336398,0,0.004373178,0,0,0.00123346,0.000336398,0,0,0,0,0,0,0,0,0,0,0,0.000672797,0,0,0,0,0,0,0,0,0,0,0.001569859,0,0,0,0,0,0,0,0,0.001121328,0,0,0.000336398,0.001794124,0.04014353,0,0,0,0.001121328,0,0,0,0.00201839,0,0,0.002354788,0.003700381,0,0,0,0,0,0,0.005158107,0,0,0,0,0,0.001681991,0.001794124,0,0,0,0
e17,0,9.00E-05,0.000359836,0.000164925,0,0,0,0,0,0,0.002099045,9.00E-05,0.000104952,0.00032985,0.001364379,0,0,0.000884598,0.000119945,0,0,0,0,0,0,0,7.50E-05,0,0,0,0.000359836,0,0,0,9.00E-05,0,0,0,0,0,0,4.50E-05,0,0,0,0,0,0,0,0,0,0,0.000119945,0,0,0.000239891,0,0,0,0.001079509,0.000179918,0,0,0,0,0,0,0,0,6.00E-05,0,0,0,0,0,0,0,0,0,0,0,0,0,0,0,0,0,0,0,0.000164925,0,0,0,0.000104952,0.000104952,0.000584734,0,0,0,0.000134939,0.001079509,0,7.50E-05,0,0,0,6.00E-05,0,0,0.000209904,0,6.00E-05,0,0,4.50E-05,0,0,0,9.00E-05,0,0,0,0,0,0,0,0,0.000134939,0,0,0,0,0,0,0,0,0,0,0,0,0,7.50E-05,0,0,0,0,0,0,0,0,0,0,0.00032985,0,0,0,0,0.001304406,0,0,0,0,0,0,6.00E-05,7.50E-05,0,0,6.00E-05,0,0,0,0,0,0,0,0.000224898,0,0,0,0,0,0,0,0,0,0,0
e18,0,0,0,0,0.002325997,0,0,0,0,0,0.102164967,0,0.049919485,0,0.023796744,0.002325997,0,0.108785114,0,0,0.000894614,0,0,0,0,0,0,0,0,0,0,0,0,0,0.015745214,0,0,0,0,0,0,0.000894614,0,0,0,0.001073537,0,0,0,0,0,0,0,0,0,0.007693684,0,0,0,0,0,0,0,0,0,0,0,0,0,0,0,0,0,0,0,0,0,0,0,0,0,0,0,0,0,0,0,0,0,0,0,0,0,0,0.006083378,0,0,0,0,0.001789229,0,0,0,0,0,0,0.001789229,0,0,0,0,0.000894614,0,0,0.003399535,0.004830918,0,0,0.015745214,0,0,0,0,0,0,0,0,0,0,0,0,0,0,0,0,0,0,0,0,0,0,0,0,0,0,0,0,0,0,0,0,0,0.006083378,0,0,0,0,0.052961174,0,0,0,0,0,0,0,0,0,0,0.232420827,0,0,0,0,0,0,0,0,0,0,0,0,0,0,0,0,0,0,0.001968152
e1,0,0,0.004969269,0,0,0,0,0,0,0,0.014777037,0,0.020073231,0.006538512,0.005034654,0,0.000850007,0.001373087,0,0.002615405,0,0,0,0,0,0,0,0,0,0,0.004969269,0,0.001700013,0,0.001307702,0,0,0.001242317,0,0,0,0,0,0.000523081,0,0,0,0,0,0,0.001242317,0,0,0,0,0.015757814,0,0,0,0.034000262,0,0,0,0,0,0.000523081,0,0.002157709,0,0,0,0,0,0,0,0,0,0,0,0,0,0,0,0,0,0.002615405,0,0,0,0.00575389,0,0,0,0,0.026415588,0.00536158,0,0,0.002026939,0.010461619,0.034000262,0,0.002484634,0,0,0,0,0,0,0.003073101,0,0.009088531,0,0,0,0,0.004250033,0,0.001307702,0,0,0,0,0,0.002746175,0.002876945,0.002876945,0,0,0,0,0,0.005819276,0,0,0,0,0,0,0,0,0.00281156,0,0,0,0,0,0,0,0,0.001438473,0,0.011311625,0,0,0,0,0.034457957,0,0.001830783,0,0,0,0.000196155,0.008107755,0,0,0,0.001373087,0,0.000850007,0,0,0,0,0,0,0.000915392,0,0,0,0,0,0,0,0,0,0
e21,0,0,0,0.000774994,0,0,0,0,0,0,0.001033325,0,0,0,0,0,0,0,0,0,0,0,0,0,0,0,0,0,0,0,0,0,0,0,0,0,0,0,0,0,0,0,0,0,0,0,0,0,0,0,0,0,0,0,0,0,0,0,0,0.018599845,0.002324981,0,0,0,0,0,0,0,0,0,0,0,0,0,0,0,0,0,0,0,0,0,0,0,0,0,0,0,0,0,0,0,0,0,0,0,0,0,0,0,0.018599845,0,0,0,0,0,0,0,0,0,0,0,0,0,0,0.004133299,0,0,0,0,0,0,0,0,0,0,0,0,0,0,0,0,0,0,0,0,0,0,0,0,0,0,0,0,0,0,0,0,0,0,0,0,0,0,0,0,0,0.016274864,0,0,0,0,0,0,0,0,0,0,0,0,0,0,0,0,0,0,0,0,0,0,0,0,0,0,0,0,0,0
e24,0,0.000806057,0.00115151,0.016265078,0,0,0,0,0,0,0.008118145,0.000806057,0.016754469,0.002533322,0.002849987,0,0,0.000489392,0,0.000403028,0,0,0,0,0,0,0,0,0,0,0.00115151,0,0.000690906,0,0.005296946,0,0,0.000777269,0,0,0,0,0.000690906,0.000172726,0,0,0,0,0,0,0.00063333,0,0,0,0,0.013760544,0.000287877,0,0,0.0232605,0.00575755,0,0,0,8.64E-05,0.000748481,0,0,0,0,0.000949996,0,0,0,0,0,0,0,0,0,0,0,0,0,0,0.000403028,0,0,0,0.00178484,0,0,0,0.000115151,0.016639318,0.002504534,0,0,0.000806057,0.003166652,0.0232605,0.000719694,0.001036359,0,0,0,0,0,0,0.006304517,0.003137865,0.004001497,0,0,0.005153007,0.001007571,0.001266661,0,0.005296946,0,0.001899991,0,0,0.000863632,0,0.001554538,0.001899991,0,0,0,0,0,0.002159081,0,0,0,0.000374241,0,0,0,0,0,0,0,0.001899991,0,0,0,0,0,0,0,0.004145436,0,0.000518179,0,0,0.011716613,0,0.000374241,0,0,0,0,0.002763624,0.001698477,0,0,0.000834845,0,0,0,0,0,0,0,0,0,0,0,0,0,0,0,0,0,0,0
e25,0,0.004413928,0,0,0,0,0,0,0,0,0.01961746,0.004413928,0.051495831,0.008827857,0.016674841,0,0,0.006620893,0,0,0,0,0,0,0,0,0,0,0,0,0,0,0,0,0,0,0,0,0,0,0,0,0,0,0,0,0,0,0,0,0,0,0,0,0,0,0,0,0,0.013241785,0,0,0,0,0,0,0,0,0,0,0,0,0,0,0,0,0,0,0,0,0,0,0.002697401,0,0,0,0,0,0,0,0,0,0,0,0.022805297,0.011525257,0,0,0,0.006375674,0.013241785,0.002452182,0,0.001226091,0,0,0.002206964,0,0,0,0,0,0,0,0,0,0,0,0,0,0,0,0,0,0,0.001961746,0.001961746,0,0,0,0,0,0.001226091,0,0,0,0,0,0,0,0,0,0,0,0,0,0,0,0,0,0,0,0,0,0,0,0,0.018636587,0,0,0,0,0,0,0,0,0,0,0.00564002,0,0,0,0,0,0,0,0,0,0,0,0,0,0,0,0,0,0,0
e27,0,0,0,0,0,0,0,0,0,0,0.022576761,0,0.043949428,0,0.014449127,0.00090307,0,0,0,0,0,0,0,0,0,0,0,0,0,0,0,0,0,0,0.00602047,0,0,0,0,0,0,0,0,0,0,0,0,0.290186635,0,0,0,0,0,0,0,0,0,0,0,0.070439494,0.185731487,0,0,0,0,0,0,0,0,0,0,0,0,0,0,0,0,0,0,0,0,0,0,0,0,0,0,0,0,0,0,0,0,0.016255268,0.038832029,0,0,0,0,0,0.070439494,0,0,0,0,0,0,0,0,0,0,0,0,0,0,0,0,0,0.00602047,0,0,0,0,0,0,0,0,0,0,0,0,0,0,0,0,0,0,0,0,0,0,0,0,0,0,0,0,0,0,0,0,0,0.011137869,0,0,0,0,0.044852498,0,0.003913305,0,0,0,0,0.004515352,0,0,0,0.069536424,0,0,0,0,0,0,0,0.003010235,0,0,0,0,0,0,0,0,0,0,0
e2,0,0,0,0.007926829,0,0,0,0,0,0,0,0,0,0,0.006097561,0,0,0,0.049390244,0,0,0,0,0,0,0,0,0,0,0,0,0,0,0,0,0,0,0,0,0,0,0,0,0,0,0,0,0,0,0,0,0,0,0,0,0,0,0,0,0,0,0,0,0,0,0,0,0.002439024,0,0,0,0,0,0,0,0,0,0,0,0,0,0,0,0,0,0,0,0,0,0,0,0,0,0,0.009756098,0,0,0,0,0,0,0,0,0,0,0,0.002439024,0,0,0,0,0,0,0,0,0,0.006707317,0,0,0,0,0,0,0,0,0,0,0,0,0,0,0,0.014634146,0,0,0,0,0,0,0,0,0.002439024,0,0,0,0,0,0,0,0,0,0,0,0,0,0,0,0,0,0,0,0,0,0,0,0,0,0,0,0,0,0,0,0,0,0,0,0,0,0,0,0,0,0,0,0,0,0
e33,0,0.001158301,0,0,0,0,0,0,0,0,0.006370656,0.001158301,0.005019305,0.002509653,0.003861004,0,0,0.000772201,0,0,0,0,0,0,0,0,0,0,0,0,0,0,0,0,0,0,0,0,0,0,0,0,0.000579151,0,0,0,0,0,0,0,0.000579151,0,0,0,0,0.001351351,0,0,0,0.005791506,0,0,0,0,0,0,0,0,0,0,0,0,0,0,0,0,0,0,0,0,0,0,0,0,0,0,0,0,0,0,0,0,0.000772201,0,0.011389961,0.000579151,0,0,0,0.002316602,0.005791506,0,0,0,0,0,0.000965251,0,0,0,0,0,0,0,0.000579151,0.000772201,0,0,0,0,0,0,0,0,0,0,0,0,0,0,0,0,0.000579151,0,0,0,0,0,0,0,0,0,0,0,0,0,0,0,0,0,0,0,0.004054054,0,0,0,0,0.01023166,0.000772201,0,0,0,0,0,0.000965251,0,0,0,0.000772201,0,0,0,0,0,0,0,0,0,0,0,0,0,0,0,0,0,0,0
e3,0,0.001081958,0,0.000450816,0,0,0,0,0,0,0.009917951,0.001081958,0.007213056,0.005409792,0.002704896,0.000540979,0,0.000991795,0,0.001803264,0,0,0,0,0,0,0,0,0,0,0,0,0,0,0,0,0,0.001172122,0,0,0,0,0,0,0,0,0,0,0,0,0,0,0,0,0,0.011721215,0,0,0,0.008114688,0,0,0,0,0,0,0,0.000360653,0,0,0,0,0,0,0,0,0,0.00027049,0,0,0,0,0,0,0,0.001803264,0,0,0,0.002344243,0,0,0,0,0.012442521,0.004147507,0,0,0.002073753,0.003426201,0.008114688,0,0.000631142,0,0,0,0.00027049,0,0,0.000721306,0,0.005499955,0,0,0.00649175,0.00198359,0.002163917,0,0,0,0,0.000631142,0,0,0,0.001172122,0,0,0,0,0,0,0.002524569,0,0,0,0,0,0,0,0,0.000631142,0,0,0,0,0,0,0,0,0,0,0.00450816,0,0,0,0,0.023262104,0.001803264,0.001352448,0,0,0,0,0.007573708,0,0,0,0.00198359,0,0,0,0,0,0,0,0.000540979,0,0,0,0,0,0,0,0,0,0,0.001352448
e4,0,0,0.002698062,0,0,0,0,0,0,0,0.036178563,0,0.03041452,0.014839343,0.01520726,0,0,0.002452784,0,0.002943341,0,0,0,0,0,0.000613196,0,0,0,0,0.002698062,0,0.002698062,0,0,0,0,0.00306598,0,0,0,0,0,0.000490557,0,0,0,0,0,0,0.00159431,0,0,0,0,0.028697572,0,0,0,0.046848173,0,0,0,0,0,0,0,0.001716949,0,0,0.002084866,0,0,0,0,0,0,0,0,0,0,0,0,0,0,0.002943341,0,0,0,0.001716949,0,0,0,0,0.062423351,0.006745156,0,0,0.002452784,0.008216826,0.046848173,0.00159431,0.002207506,0,0,0,0.003801815,0,0,0.005150846,0.005518764,0.008462104,0,0,0,0.006009321,0,0,0,0,0,0,0,0,0.004169733,0.00159431,0.002330145,0,0,0,0,0,0.005886681,0,0,0,0,0,0.000367918,0,0,0,0,0,0,0,0,0,0,0,0,0,0.02894285,0,0,0,0,0.066102526,0.006377238,0.00306598,0,0,0,0,0.010914888,0,0,0,0.002330145,0,0.000981114,0,0,0,0,0,0,0,0,0,0,0,0,0,0,0,0,0
e5,0,0,0.003357583,0.002704719,0,0,0,0,0,0,0.025741466,0,0.045793695,0.010912143,0.006248834,0,0,0.002238388,0,0,0,0,0,0,0,0,0,0,0,0,0.003357583,0,0.001865324,0,0.000559597,0,0,0.003264316,0,0,0,0,0,0,0,0,0,0,0,0,0.001772057,0,0,0,0,0.022943481,0,0,0,0.034881552,0,0,0,0,0,0,0,0.001305727,0,0,0,0,0,0,0,0,0,0,0,0,0,0,0,0,0,0,0,0,0,0.003823913,0,0,0,0,0.047099422,0.007274762,0,0,0,0.008953553,0.034881552,0,0.004196978,0,0,0,0.002797985,0.000466331,0,0.005222906,0,0.007834359,0,0,0,0.004103712,0,0,0.000559597,0,0,0,0,0,0,0.004010446,0.004756575,0,0,0,0,0,0.009233352,0,0,0,0,0.000932662,0,0,0,0.00121246,0,0,0,0,0,0,0,0.001119194,0,0,0.021451222,0,0,0,0,0.045793695,0,0,0,0,0,0,0.012404402,0,0,0,0.002518187,0,0.001492259,0,0,0,0,0,0,0,0,0,0,0,0,0,0,0,0,0
e7,0,0,0,0,0,0,0,0,0,0,0.006015531,0,0.004156185,0.001531226,0.004484305,0,0,0,0,0,0,0,0,0,0,0.001749973,0,0,0,0,0,0,0,0,0,0,0,0,0,0,0,0,0,0,0,0,0,0,0,0,0,0,0,0,0,0.002624959,0,0,0,0.00831237,0.000546866,0,0,0,0,0,0,0,0,0,0.00032812,0,0,0,0,0,0,0,0,0,0,0,0,0,0,0,0,0,0,0.00032812,0,0,0,0,0,0,0,0,0,0.000546866,0.00831237,0,0,0,0,0,0,0,0,0.001531226,0.003828065,0.00098436,0,0,0.000874986,0.000874986,0.001312479,0,0,0,0,0,0,0,0,0,0,0,0,0,0,0,0,0,0,0,0,0,0,0,0,0,0,0,0,0,0,0,0,0,0.000437493,0,0.009515476,0,0.000437493,0,0,0.00864049,0,0,0,0,0,0,0,0.000437493,0,0,0,0,0,0,0,0,0,0,0,0,0,0,0,0,0,0,0,0,0,0
e8,0,0,0.000922616,0.014300542,0.000230654,0,0,0,0,0,0.001037943,0,0.001537693,0.000192212,0.000576635,0,0,0,0,0,0,0,0,0,0,0.000230654,0,0,0,0,0.000922616,0,0,0,0.01576135,0.009687464,0,0,0,0,0,0,0.000153769,0,0,0,0,0,0,0,0.000538192,0,0,0,0,0.013301042,0,0,0,0.003382924,0.005612578,0,0,0,0,0,0,0,0,0,0,0,0,0,0,0,0,0,0,0,0,0,0,0,0,0,0,0,0,0.000192212,0,0.001729904,0,0,0.002037443,0.003036943,0,0,0,0,0.003382924,0,0,0,0,0,0,0,0,0.007265598,0.000461308,0.005035944,0.000461308,0,0.004766847,0.001230154,0.002460308,0.001230154,0.01576135,0.000345981,0.001037943,0,0,0,0,0,0,0,0,0,0,0,0.00115327,0,0,0,0,0,0,0.000615077,0.001729904,0,0,0,0,0,0,0,0,0,0,0,0.000307539,0,0,0,0,0.000384423,0.000345981,0,0,0,0,0,0,0.000653519,0,0,0,0.002268097,0.000115327,0,0,0,0,0,0.004113328,0,0,0,0,0,0,0.00049975,0.009687464,0,0,0
e9,0,0.000558849,0,0,0.000119753,0,0,0,0,0,0.006945692,0.000558849,0.003592599,0.001177574,0.00215556,0,0.000139712,0.000479013,0,0,0,0,0,0,0,0,0,0,0,0,0,0,0.000239507,0,0,0,0,0,0,0,0,0,0,0,0,0,0,0.001097739,0,0,0,0,0,0,0,0.000698561,0,0,0,0.009420594,0,0,0,0,0,0,0,0,0,0,0,0,0,0,0,0,0,0,0,0,0,0,0,0,0,0,0,0,0,0.000518931,0,0,0.000618725,0.00017963,0.003432928,0.001297328,0,0,0,0.000778397,0.009420594,0,0,0,0,0,0.001636629,0,0,0.000838273,0,0,0,0,0.000219548,0,0.000239507,0,0,7.98E-05,9.98E-05,0,0,0,0,0,0,0,0,0,0,0,0,0,0,0,0,7.98E-05,0,0,0,0.000279424,0,0,0,0,0,0,0,0,0.001876135,0,0.001197533,0,0,0,0,0.005927789,0,0,0,0,0,0,0.000518931,0.00017963,0,0,0.000439095,0.000279424,0.000518931,0,0,0,0,0,0.000997944,0,0,0,0,0,0.00035926,0.000678602,0,0,0,0
f1,0,0,0,0,0,0,0,0,0,0,0.014691943,0,0.126066351,0,0.003159558,0,0,0,0,0,0,0,0,0,0,0,0,0,0,0,0,0,0,0,0,0,0,0,0,0,0,0,0,0,0,0,0,0,0,0,0,0,0,0,0,0,0,0,0,0,0,0,0,0,0,0,0,0,0,0,0,0,0,0,0,0,0,0,0,0,0,0,0,0,0,0,0,0,0,0,0,0,0,0,0.117535545,0,0,0,0,0,0,0,0,0,0,0,0,0,0,0,0,0,0,0,0,0,0,0,0,0,0,0,0,0,0,0,0,0,0,0,0,0,0,0,0,0,0,0,0,0,0,0,0,0,0,0,0,0,0,0,0,0,0,0,0,0,0,0.027962085,0,0,0,0,0,0,0,0,0,0,0,0,0,0,0,0,0,0,0,0,0,0,0,0,0,0,0,0,0,0
f2,0,0,0,0.004981647,0,0,0,0,0,0,0.011274253,0,0.022286314,0.013109596,0.006292606,0,0,0,0,0,0,0,0,0,0,0,0,0,0,0,0,0,0,0,0,0,0,0,0,0,0,0,0,0,0,0,0,0,0,0,0,0,0,0,0,0.002097535,0,0,0,0.136864185,0,0,0,0,0,0,0,0.002621919,0,0,0,0,0,0,0,0,0,0,0,0,0,0,0,0.004981647,0,0,0,0,0,0.029103304,0,0.001835343,0,0,0.040377556,0.009963293,0.003146303,0,0.014682748,0,0.136864185,0.007865758,0,0,0,0,0,0,0,0,0,0.011536445,0,0,0.003146303,0,0.001048768,0,0,0,0,0,0,0,0,0.007865758,0.007865758,0,0,0,0,0,0,0,0,0,0,0,0,0,0,0,0,0,0,0,0,0,0,0,0,0,0.001835343,0,0.00812795,0,0,0.060828526,0.002359727,0.003146303,0,0,0,0,0.044572627,0.000786576,0.001573152,0,0,0,0,0,0,0,0,0,0,0,0,0,0,0,0,0,0,0,0,0
f3,0,0,0.002105263,0.016315789,0,0,0,0,0,0,0.018947368,0,0.096315789,0.004736842,0.017894737,0,0.024736842,0,0,0,0,0,0,0,0,0,0,0,0,0,0.002105263,0.004210526,0.252631579,0,0,0,0,0.008947368,0,0,0,0,0,0.003157895,0,0,0,0,0,0,0,0,0,0,0,0.019473684,0,0,0,0.062105263,0,0,0,0,0,0.001578947,0,0,0,0,0,0,0,0,0,0,0,0,0,0,0,0,0,0,0,0,0,0,0,0,0,0,0,0,0.018947368,0,0,0,0,0.050526316,0.062105263,0.021052632,0,0,0,0,0,0,0,0,0,0.002631579,0,0,0.006315789,0,0,0,0,0,0,0,0,0.106315789,0.064736842,0.055789474,0.137894737,0,0,0,0,0,0,0,0,0,0,0,0,0.033684211,0,0,0,0,0,0,0,0,0,0,0,0,0.026842105,0,0,0,0,0.178421053,0,0,0,0,0,0,0,0,0,0,0,0,0,0,0,0,0,0,0,0,0,0,0,0,0,0,0,0,0,0
f4,0,0.018261386,0.002809444,0.00653736,0,0,0,0,0,0,0.00340375,0.018261386,0.043222216,0.003133611,0.001404722,0,0,0,0,0,0,0,0,0,0,0,0,0,0,0,0.002809444,0,0,0,0,0,0,0.002485277,0,0,0,0,0.00243125,0,0,0,0,0,0,0,0,0,0,0,0,0.001620833,0,0,0,0.054784159,0,0,0,0,0,0,0,0.000324167,0,0,0.002539305,0,0,0,0,0,0,0,0,0,0,0,0,0.0009725,0,0,0,0,0,0,0,0,0,0.000162083,0.056026798,0.021340969,0,0,0,0.018531525,0.054784159,0,0.033983468,0,0,0,0.001728889,0,0,0,0,0,0,0,0,0,0,0,0,0,0,0,0,0,0,0.029877357,0.0385218,0,0,0,0,0,0.009130693,0,0,0,0,0,0,0.000432222,0,0,0,0,0.001945,0,0,0,0,0,0,0,0.002863472,0,0,0,0,0.054676104,0,0,0,0,0,0,0.000702361,0,0,0,0.000162083,0,0,0,0,0,0,0,0.000432222,0,0,0,0,0,0,0,0,0,0,0
f6,0,0,0.002507051,0.001253526,0,0,0,0,0,0,0.00219367,0,0.010341586,0,0,0,0,0,0,0,0,0,0,0,0,0,0,0,0,0,0.002507051,0,0,0,0,0,0,0.008461297,0,0,0,0,0,0,0,0,0,0,0,0,0,0,0,0,0,0,0,0,0,0.01128173,0,0,0,0,0,0,0,0,0,0,0,0,0,0,0,0,0,0,0,0,0,0,0,0,0,0,0,0,0,0,0,0,0,0,0.005327484,0.00219367,0,0,0,0.004700721,0.01128173,0.00219367,0,0,0,0,0,0,0,0,0,0,0,0,0,0.000940144,0.001253526,0,0,0,0,0,0,0,0,0,0,0,0,0,0,0,0.00219367,0,0,0,0,0,0,0.001880288,0,0,0,0,0,0,0,0,0,0,0,0,0.001566907,0,0,0,0,0.007521153,0,0,0,0,0,0,0,0,0,0,0.001880288,0,0.002507051,0,0,0,0,0,0,0,0,0,0,0,0,0,0,0,0,0.000940144
f7,0,0,0,0.000746714,0,0,0,0,0,0,0.002538829,0,0.021654719,0.000448029,0.000597372,0,0,0,0,0,0,0,0,0,0,0,0,0,0,0,0,0,0,0,0,0,0,0,0,0,0,0,0.000448029,0,0,0,0,0,0,0,0,0,0,0,0,0,0,0,0,0.001493429,0,0,0,0,0,0,0,0,0,0,0,0,0,0,0,0,0,0,0,0,0,0,0,0,0,0,0,0,0,0,0,0,0,0,0.002538829,0.01702509,0,0,0,0,0.001493429,0.000597372,0,0,0,0,0,0,0,0,0,0,0,0,0,0,0,0,0,0,0,0,0,0,0,0,0,0,0,0,0,0,0,0,0,0,0,0,0,0,0,0,0,0,0,0,0,0,0,0,0,0,0,0,0,0,0,0.002837515,0,0,0,0,0,0,0.000597372,0,0,0,0.000597372,0,0,0,0,0,0,0,0,0,0,0,0,0,0,0,0,0,0,0
fy04,0,0.0124533,0.01494396,0.0124533,0,0,0,0,0,0.00622665,0.02739726,0.0124533,0.04483188,0.01867995,0.00871731,0,0,0,0,0.00498132,0,0,0,0,0,0,0,0,0,0,0.01494396,0,0,0,0,0,0,0,0,0,0,0,0,0,0,0.01120797,0,0,0,0,0,0,0,0,0,0.00373599,0,0,0,0.082191781,0,0,0,0,0,0,0,0,0,0,0,0,0,0,0.00871731,0.00747198,0,0,0,0,0,0,0,0,0,0.00498132,0,0,0,0.00747198,0,0,0,0,0.02366127,0,0,0,0,0.01618929,0.082191781,0,0,0,0,0,0,0,0,0.00498132,0,0,0,0,0,0,0,0,0,0,0,0,0,0,0,0.00373599,0.00373599,0,0,0.00373599,0,0.00622665,0,0,0,0.00373599,0,0,0,0,0,0,0,0,0.01369863,0,0,0,0,0,0,0,0.00996264,0,0,0,0,0.061021171,0,0,0,0,0,0.00622665,0.00747198,0.01120797,0,0,0,0,0,0,0,0,0,0,0,0,0,0,0,0,0,0,0,0,0,0
fy06,0,0.001441664,0.001098411,0.002231147,0,0,0,0,0,0,0.002917654,0.001441664,0.006590464,0.001750592,0.006968043,0.000171627,0.000171627,0.000411904,0,0,0.000137301,0,0,0,0,0,0,0,0,0,0.001098411,0,0,0,0,0,0,0,0,0,0,0,0,0,0,0.000171627,0,0,0,0,0,0,0,0,0,0.000137301,0,0,0,0.008100779,0,0,0,0,0,0.000240277,0,0,0.000137301,0,0,0,0,0,0.000137301,0,0,0,0,0,0,0,0,0,0,0,0,0,0,0.000446229,0,0,0.000240277,0,0.004324992,0.000755157,0,0,0,0.001407339,0.008100779,0.000995435,0,0.000240277,0,0,0,0,0,0.000617856,0.000411904,0,0,0,0.000137301,0.000102976,0,0,0,0,0,0,0,0.000137301,0.000171627,0,0,0.000274603,0,0,0,0,0,0,0,0.000274603,0,0,0.000137301,0,0,0,0,0,0.000480555,0,0,0,0,0,0,0,0.000720832,0,0.000308928,0.000274603,0.000205952,0.010057323,0.000240277,0,0,0,0,0.000240277,0.00051488,0.000892459,0,0,0.000480555,0,0,0,0,0,0,0,0,0,0,0,0,0,0.000205952,0,0,0,0,0
g1,0,0,0,0.000741473,0,0,0,0,0,0.000741473,0.017795353,0,0.007414731,0.023232823,0.002718735,0,0,0,0,0,0,0,0,0,0,0,0,0,0,0,0,0,0,0,0,0,0,0,0,0,0,0,0,0,0,0,0,0,0,0,0,0,0,0,0,0,0,0,0,0.001482946,0,0,0,0,0,0.000988631,0,0,0,0,0,0,0,0,0,0,0,0,0,0,0,0,0,0,0,0,0,0,0,0,0,0,0,0,0.001482946,0.001730104,0,0.000741473,0.000741473,0.001730104,0.001482946,0,0,0,0.00963915,0,0.000741473,0,0,0,0,0,0,0,0,0,0,0,0,0,0,0.000741473,0,0,0,0,0,0,0,0,0,0,0,0,0,0,0,0,0,0,0,0,0,0,0,0,0,0,0,0,0,0,0,0,0.001235788,0,0,0.001482946,0,0,0,0,0,0,0,0,0,0,0,0,0,0,0,0,0,0,0,0,0,0,0,0,0,0,0,0,0,0
g3,0,0,0,0,0,0,0,0,0,0,0.001914334,0,0.004785834,0,0,0,0,0,0,0,0,0,0,0,0,0,0,0,0,0,0,0,0,0,0,0,0,0,0,0,0,0,0,0,0,0,0,0,0,0,0,0,0,0,0,0,0,0,0,0,0,0,0,0,0,0,0,0,0,0,0,0,0,0,0,0,0,0,0,0,0,0,0,0,0,0,0,0,0,0,0,0,0,0,0,0,0,0,0,0,0,0,0,0,0,0,0,0,0,0,0,0,0,0,0,0,0,0,0,0,0,0,0,0,0,0,0,0,0,0,0,0,0,0,0,0,0,0,0,0,0,0,0,0,0,0,0,0,0,0,0,0,0,0,0,0,0,0,0,0,0,0,0,0,0,0,0,0,0,0,0,0,0,0,0,0,0,0,0,0,0,0,0,0,0,0,0,0
g4,0,0.012257221,0.054706863,0.010499752,0,0.002163039,0,0,0,0,0.101077013,0.012257221,0.044071921,0.013834437,0.012572665,0,0,0,0,0.005858231,0,0,0,0,0.002838989,0.000315443,0.005948357,0,0,0.00013519,0.054706863,0,0.010725069,0,0,0,0,0.000225317,0,0,0,0,0.008066333,0.002117976,0,0,0,0,0,0,0,0,0,0,0,0.020458745,0,0,0,0.056419269,0.009823802,0,0,0,0,0,0,0,0,0,0,0,0.00040557,0,0,0,0,0,0,0,0,0,0,0,0,0.005858231,0.00108152,0,0,0,0,0,0,0,0.027263305,0.006714434,0,0,0,0.007255194,0.056419269,0.017845072,0,0,0,0,0,0,0,0.007255194,0.00081114,0.005002028,0,0,0.035554955,0.004911901,0.03208508,0,0,0,0,0,0,0,0,0.000901266,0.000901266,0.004326078,0,0,0,0,0,0,0,0.000225317,0,0,0.000585823,0,0,0,0,0,0.011896715,0,0,0,0,0,0,0,0.009553423,0,0,0.001036456,0.035464828,0.237348475,0.073137759,0.011220765,0,0.043350908,0,0.014194944,0.036591411,0.033977739,0.033842549,0,0.027083052,0,0.002884052,0,0,0,0,0,0.005002028,0,0,0,0,0,0.003244559,0,0,0,0,0.005723041
hcp,0,0.001060652,0.000866037,7.30E-05,3.89E-05,5.35E-05,0,0,0,3.89E-05,0.002179688,0.001060652,0.009224751,0.000330846,0.003454416,0,0,0.000379499,0,0,0,0,0,0,0,0,9.73E-05,0,0,0,0.000866037,0,3.89E-05,0,0,0,0,0,0,0,0,7.30E-05,8.76E-05,4.87E-05,0,0.000141096,0,2.43E-05,2.92E-05,0,0,0,1.95E-05,0,0,0.002894898,0,0,0,0.001391497,0.000150827,0,0,0,0,0,0,1.46E-05,0,0,2.43E-05,0,0,0,0,1.46E-05,0,0,0,0,0,0,0,0,0,0,0,0,0,0.000233538,0,0,1.95E-05,0,0.000880633,0.0001265,0,0,0,0.001337978,0.001391497,0.000340576,0,8.76E-05,0.000150827,0,1.95E-05,1.46E-05,0,0.000160557,0,1.46E-05,0,0,9.73E-05,3.89E-05,5.84E-05,0,0,0,0.000481672,1.95E-05,0,0,0,2.43E-05,0,5.35E-05,0,0,0,1.95E-05,0,0,0,0,1.46E-05,0,0,0,0,0,0,0,6.32E-05,0,0,0,0,0,0,0,2.92E-05,0,0,0.000243269,0.000277326,0.014941567,0.000170288,0.000291923,9.73E-05,4.87E-05,4.87E-05,0.00019948,0.000428153,0.000116769,7.30E-05,0,6.32E-05,0,0,0,0,0,0,0,1.95E-05,0,0,0,0,0,0.000111904,0,0,0,0,0
i1,0,0,0,0.0017769,0,0,0,0,0,0,0.008489635,0,0.038302073,0.0011846,0,0.025863771,0,0.000987167,0,0,0,0,0,0,0,0,0,0,0.000789733,0,0,0,0,0,0,0,0,0,0,0,0,0,0,0.004146101,0,0,0,0,0,0,0,0,0,0,0,0,0,0,0,0.009476802,0,0,0,0,0,0,0,0,0,0.001974334,0,0,0,0,0.0017769,0.0017769,0,0,0,0,0,0,0,0,0,0,0,0,0,0,0,0,0,0,0.005133268,0.001974334,0,0.003158934,0,0.000987167,0.009476802,0,0,0,0,0,0,0,0,0,0,0,0,0,0,0,0,0,0,0,0,0,0.001579467,0,0,0.000987167,0.000987167,0,0,0,0,0,0.001579467,0,0,0.0005923,0,0,0,0,0,0.0017769,0,0,0,0,0,0,0,0,0,0,0.0011846,0,0,0,0,0.005528134,0,0,0,0,0,0,0,0,0,0,0,0,0,0,0,0,0,0,0,0,0,0,0,0,0,0,0,0,0,0
monitoring,0,0,0.000317889,0,0,0,0,0,0,0,0.002702058,0,0.000238417,0,0,0,0,0,0,0,0,0,0,0,0,0,0,0,0,0.000476834,0.000317889,0,0,0,0,0,0,0,0,0,0,0,0,0,0,0.000794723,0,0,0,0,0,0,0,0,0,0.000238417,0,0,0,0.000476834,0,0,0,0,0,0,0,0.000317889,0,0.000953668,0,0,0,0,0,0,0,0,0,0,0,0,0,0,0,0,0,0,0,0,0,0,0,0,0.001351029,0.015973933,0,0,0,0,0.000476834,0.002145752,0,0,0,0,0.000397362,0,0,0,0,0,0,0,0.000715251,0,0,0,0,0,0,0,0,0,0,0,0,0,0,0,0,0,0.000715251,0,0,0,0,0,0,0,0,0,0,0,0,0,0,0,0,0,0,0,0,0,0,0,0,0.001668918,0,0,0,0,0,0,0.00103314,0,0,0,0.000397362,0,0,0,0,0,0,0,0.000397362,0,0,0,0,0,0,0,0,0,0,0
radio-tag,0,0,0,0.005519318,0,0,0,0,0,0,0.001003512,0,0.001128951,0,0.000501756,0,0,0,0,0,0,0,0,0,0,0,0.005393879,0,0,0,0,0,0,0,0,0,0,0,0,0,0,0,0,0,0,0,0,0,0,0,0,0,0,0,0,0,0,0,0,0,0.000627195,0,0,0,0,0,0,0,0,0,0,0,0,0,0.002759659,0,0,0,0,0,0,0,0.000376317,0,0,0,0.000501756,0.000376317,0,0,0,0,0,0,0,0,0,0,0,0,0,0.000627195,0,0.000376317,0,0,0.000376317,0,0,0,0,0,0,0,0,0,0,0,0,0,0.000627195,0,0,0,0,0.000376317,0,0.008153537,0,0,0,0,0.001756147,0,0,0,0.000627195,0,0,0,0,0,0,0,0,0,0,0,0,0,0,0,0,0,0,0.003135976,0,0.000878073,0,0,0,0.000501756,0,0,0,0.001505268,0,0,0,0,0,0,0,0,0,0,0,0,0,0,0,0,0,0.000376317,0,0,0,0
rare,0,0,0.003234937,0.004043672,0,0,0,0,0,0,0,0,0.004852406,0,0.001213101,0,0,0,0,0,0,0,0,0,0,0,0,0,0,0,0.003234937,0,0,0,0,0,0,0,0,0,0,0,0.001213101,0,0,0,0,0,0,0,0,0,0,0,0,0.003639304,0,0,0,0,0,0,0,0,0,0,0,0,0,0,0,0,0,0,0,0,0,0,0,0,0,0,0,0,0,0,0,0,0,0,0,0,0,0,0.008087343,0.003234937,0,0,0,0,0,0.001213101,0,0,0,0,0,0,0,0,0,0,0,0,0,0,0,0,0,0,0,0,0,0,0,0,0,0,0,0,0,0,0,0,0,0,0,0,0,0.001213101,0,0,0,0,0,0,0,0,0,0,0,0,0,0,0,0,0,0.003234937,0,0,0,0,0,0,0,0,0,0,0,0,0,0,0,0,0,0,0,0,0,0,0,0,0,0,0,0,0,0
razorback,0,0.001530808,0,0.004975124,0,0.002678913,0,0.001530808,0,0,0.00612323,0.001530808,0.004209721,0,0.002296211,0,0,0,0,0,0,0,0,0.001530808,0.011481056,0.001530808,0,0,0,0,0,0,0,0,0,0,0,0,0,0,0.002296211,0,0,0,0,0,0,0,0,0,0,0,0,0,0,0,0,0,0,0,0.002296211,0.001148106,0,0,0,0,0,0,0,0,0,0,0,0,0.001530808,0.001148106,0,0,0,0,0,0,0.001148106,0,0,0,0,0,0,0,0,0,0,0,0,0.005740528,0,0,0,0,0,0.001148106,0,0.001530808,0,0,0,0.003444317,0,0.069651741,0,0,0.009184845,0.001530808,0.008419441,0,0.011098354,0,0,0,0,0,0,0,0,0.001530808,0.001530808,0,0,0,0,0,0.001530808,0,0,0,0,0,0,0,0,0,0,0,0.001913509,0,0,0,0,0,0,0,0,0,0,0.014159969,0,0,0,0,0,0.003444317,0,0,0,0.006888634,0,0,0,0.001530808,0,0,0,0,0,0.004592423,0,0,0,0,0.002296211,0,0,0,0,0,0,0
relict,0,0.000982157,0.000654772,0,0,0,0,0,0,0,0.004747094,0.000982157,0.005729252,0.00114585,0.001473236,0,0,0,0,0,0,0,0,0,0,0,0,0,0,0,0.000654772,0,0,0,0,0,0,0,0,0.011131118,0,0,0.000491079,0,0,0,0,0,0,0.00785726,0,0,0,0,0,0.000491079,0,0,0,0,0,0,0,0,0,0,0,0,0,0,0.000491079,0,0,0,0,0,0,0.003437551,0,0,0,0,0,0,0,0,0,0,0,0,0,0,0,0,0.003601244,0.008512031,0,0,0,0,0,0.00278278,0,0,0,0,0,0,0,0,0,0,0,0,0,0,0,0,0,0,0,0,0,0,0,0,0,0.002291701,0,0,0,0,0,0,0,0,0,0,0,0,0,0.003273858,0,0,0,0,0,0,0,0,0,0,0,0,0,0,0,0.011458504,0,0,0.004747094,0,0,0,0.002291701,0,0,0,0,0,0,0,0,0,0,0,0,0,0,0,0,0,0,0,0,0,0,0
species,0,0.001037787,0.009599526,0.002038509,7.41E-05,5.56E-05,5.56E-05,0.000111191,0,5.56E-05,0.005059209,0.001037787,0.00574489,0.001056318,0.001334297,0,7.41E-05,0,0,0.000555957,0,0.000722744,0,0.000222383,0.001593744,0,0.000481829,0,0,0.000259447,0.009599526,0,0.001297233,0,0.000148255,0,0.000203851,9.27E-05,0,0.000611553,0,0.000259447,0.001000723,0.000185319,0,0,5.56E-05,0,0,0,0,0,0.000166787,0,0,0.001982914,0,0,0,0.002038509,0.001408425,0,5.56E-05,0,0.000148255,0.000148255,0,0,5.56E-05,5.56E-05,0.000574489,0,0,0,0,5.56E-05,0,0.000370638,0.000352106,0.000259447,0.000426234,0,0,0,0,0.000555957,9.27E-05,0.000555957,0,0.00107485,0,0,5.56E-05,5.56E-05,0.002705658,0.00233502,0.000148255,0.000407702,5.56E-05,0.000815404,0.002038509,0.005781954,0.000222383,0.000759808,0,0,9.27E-05,0.000407702,0.000166787,0.001741999,0.000333574,0.00146402,0.000277979,0,0.002205296,0.000222383,0.001389893,0,0.000148255,0.000111191,0.000574489,0.000111191,0,0.000129723,0,0.000500361,0.001037787,0.000259447,0.00029651,0.000370638,0.000222383,7.41E-05,0.000463298,0,0.000185319,0,0.000259447,0,0,5.56E-05,0,0,0,0,0.000611553,0.000129723,0,0,0,9.27E-05,0,0,5.56E-05,0,0.000352106,0.000111191,0.002761253,0.028742981,0.006208187,0.003131892,0.002297956,0.001334297,0.000240915,0.001741999,0.006263783,0.001278701,0.001982914,7.41E-05,0.000667148,0.000277979,0,0,0,0,0,0,0.000111191,0,0,0,0,0,0.000463298,0,0,0,0,0.000315042
