project,woodpecker,parasite,butterfly,rodent,mouse,seed,mammal,weed,avian,fish,bird,amphibian,bat,frog,rat,insect,mussel,vegetation,plant,tree,shrub,veligers,pikeminnow,sootywing,bacteria,tanager,warbler,willow,quailbush,cedar,mesquite,arrowweed,cottonwood,cottonwood-willow,razorback,rasu,flannelmouth,yellow-billed,humpback,chub,bonytail,rainbow,trout,catfish,bass,cuckoo,owl,woodpecker,warbler,flycatcher,flicker,vireo,quail,blackbird,starling,dove,migrants,waterbirds,shorebirds,phytoplankton,zooplankton,plankton,cladoceran,cyanobacteria,milkvetch,buckwheat,rail,clapper,bulrush,cattail,phragmites,myotis,parastrellus,eptesicus,antrozous,tadarida,nyctinomops,eumops,xyrauchen,empidonax,coccyzuz,saltcedar,saltgrass,tamarisk,catostomus,gila,laterallus,rallus,ixobrychus,colaptes,sigmodon,deciduous,adult,juvenile,larvae,larval,breeder,eggs,seed
abiotic,0.001089621,0,0,0,0,0,0,0,0,0.001634432,0.000817216,0,0.002724053,0,0,0.002996459,0,0.000817216,0.01171343,0.002179243,0,0,0,0,0,0,0.001089621,0.000817216,0,0,0,0,0.001906837,0,0,0,0,0,0,0,0,0,0,0,0,0,0,0.001089621,0.001089621,0.001634432,0,0,0,0,0,0,0,0,0,0,0,0,0,0,0,0,0,0,0,0,0,0,0,0,0,0,0,0,0,0,0,0,0,0,0,0.002179243,0,0,0,0,0,0,0,0,0,0,0,0,0
b1,0,0,0,0,0,0,0,0,0,0.008110848,0,0,0,0,0,0,0,0,0,0,0,0,0,0,0,0,0,0.001351808,0,0,0,0,0,0,0.00168976,0.00337952,0,0,0,0,0,0,0,0,0,0,0.002703616,0,0,0,0,0,0,0,0,0,0,0,0,0,0,0,0,0,0,0,0,0,0,0,0,0,0,0,0,0,0,0,0.001013856,0,0,0,0,0,0,0,0,0,0,0,0,0,0.003041568,0,0.012166272,0.00675904,0,0,0
bhco,0.000972101,0,0,0,0,0,0,0,0.000518454,0.000421244,0.00058326,0,0,0,0,0,0,0.000453647,0,0,0,0,0,0,0,0,0.002462655,0.001976605,0,0,0.000421244,0,0.000324034,0,0,0,0,0,0,0,0,0,0,0,0,0,0,0.000972101,0.002462655,0.002657075,0,0.001522958,0.000356437,0.000324034,0,0.001717378,0.001101714,0,0,0,0,0,0,0,0,0,0,0,0,0,0,0,0,0,0,0,0,0,0,0,0,0.000421244,0,0,0,0.00019442,0,0,0,0,0,0,0,0,0,0,0,0.002171025,0
c10,0,0,0,0,0,0,0,0,0,0.054062751,0,0,0,0,0,0,0,0,0,0,0,0,0,0,0,0,0,0,0,0,0,0,0,0,0.021078037,0,0,0,0,0,0,0,0,0,0,0,0,0,0,0,0,0,0,0,0,0,0,0,0,0,0,0,0,0,0,0,0,0,0,0,0,0,0,0,0,0,0,0,0.00160901,0,0,0,0,0,0,0.003218021,0,0,0,0,0,0,0.000965406,0,0,0,0,0,0
c11,0,0,0,0,0,0,0,0,0,0.235415591,0,0,0,0,0,0,0,0,0.001548787,0,0,0,0,0,0,0,0,0,0,0,0,0,0,0,0.009292721,0,0,0,0,0.005162623,0.129581828,0.013422819,0.016520392,0.002065049,0.007227672,0,0,0,0,0,0,0,0,0,0,0,0,0,0,0,0,0,0,0,0,0,0,0,0,0,0,0,0,0,0,0,0,0,0,0,0,0,0,0,0,0.025813113,0,0,0,0,0,0,0,0.013939081,0.001548787,0.00464636,0,0,0
c12,0,0,0,0,0,0,0,0,0,0.051623084,0,0,0,0,0,0,0,0,0,0,0,0,0.000180343,0,0,0,0,0.007348963,0,0,0,0,0.002028855,0,0.033092876,0,0,0,0.000180343,0.000180343,0.000721371,0,0.000405771,0.000766456,0.005680794,0,0.000225428,0,0,0,0,0,0,0,0,0,0,0,0,0,0,0,0,0,0,0,0,0,0,0,0,0,0,0,0,0,0,0,0.001487827,0,0,0,0,0,0,0.000721371,0,0,0,0,0,0,0.007033363,0.000811542,0.000721371,0.0003156,0,0,0
c13,0,0,0,0,0,0,0,0,0,0.102450822,0,0,0,0,0,0,0,0,0,0,0,0,0,0,0,0,0,0,0,0,0,0,0,0,0.119155111,0,0,0,0,0,0,0,0,0,0,0,0,0,0,0,0,0,0,0,0,0,0,0,0,0,0,0,0,0,0,0,0,0,0,0,0,0,0,0,0,0,0,0,0.002289584,0,0,0,0,0,0,0,0,0,0,0,0,0,0,0,0,0.029216382,0,0,0
c14,0,0.001182033,0,0,0,0,0,0,0,0.079491726,0,0,0,0,0,0,0,0,0,0,0,0,0,0,0.002068558,0,0,0.005614657,0,0,0,0,0,0,0,0,0,0,0.0393026,0.0393026,0,0,0,0,0,0,0,0,0,0,0,0,0,0,0,0,0,0,0,0,0,0,0,0,0,0,0,0,0,0,0,0,0,0,0,0,0,0,0,0,0,0,0,0,0,0.014775414,0,0,0,0,0,0,0.002659574,0.000886525,0.002955083,0.000886525,0,0,0
c15,0,0,0,0,0,0,0,0,0,0.027153558,0,0,0,0,0,0,0,0,0,0,0,0,0,0,0,0,0,0.000468165,0,0,0,0,0,0,0.002247191,0,0.031367041,0,0,0.000374532,0.000374532,0,0,0,0,0,0,0,0,0,0,0,0,0,0,0,0,0,0,0,0,0,0,0,0,0,0,0,0,0,0,0,0,0,0,0,0,0,0.000561798,0,0,0,0,0,0.000655431,0.001498127,0,0,0,0,0,0,0.004213483,0.004681648,0.004213483,0.003277154,0,0,0
c16,0,0,0,0,0,0,0,0,0,0.010822273,0,0,0,0,0,0,0,0,0,0,0,0,0,0,0,0,0,0.000584988,0,0,0,0,0.000676392,0,0.000127966,0,0,0,0,0.000182809,0.008592008,9.14E-05,0,0,7.31E-05,0,0,0,0,0,0,0,0,0,0,0,0,0,0,0,0,0,0,0,0,0,0,0,0,0,0,0,0,0,0,0,0,0,0,0,0,0,0,0,0,0.000438741,0,0,0,0,0,0,0.000109685,0.000329056,9.14E-05,7.31E-05,0,0,0
c17,0,0,0,0,0,0,0,0,0,0.013991674,0,0,0,0,0,0,0,0.000346901,0,0,0,0,0,0,0,0,0,0,0,0,0,0,0,0,0.023704903,0,0,0,0,0,0,0,0,0.002081406,0.002312673,0,0,0,0,0,0,0,0,0,0,0,0,0,0,0,0,0,0,0,0,0,0,0,0,0,0,0,0,0,0,0,0,0,0.001387604,0,0,0,0,0,0,0,0,0,0,0,0,0,0.002543941,0.001040703,0.000462535,0.005087882,0,0.000462535,0
c19,0,0,0,0,0,0,0,0,0,0.000617284,0,0,0,0,0,0,0,0,0,0,0,0,0,0,0,0,0,0.005555556,0,0,0,0,0,0,0,0,0,0,0,0,0,0,0,0,0,0,0,0,0,0.004115226,0,0,0,0,0,0,0.001028807,0,0,0,0,0,0,0,0,0,0,0,0,0,0,0,0,0,0,0,0,0,0,0.000823045,0,0,0,0,0,0,0,0,0,0,0,0,0,0,0,0,0,0,0
c21,0,0,0,0,0,0,0,0,0.000619259,0.001238518,0.001444938,0,0,0,0,0,0,0,0,0.000516049,0,0,0,0,0,0,0,0.000516049,0,0,0.000309629,0,0,0,0,0,0,0.002889875,0,0,0,0,0,0,0,0.004334813,0,0,0,0.000309629,0,0,0,0,0,0,0,0,0,0,0,0,0,0,0,0,0,0,0,0,0,0,0,0,0,0,0,0,0,0,0,0,0,0,0,0,0,0,0,0,0,0,0.001238518,0,0,0,0,0.001032098,0
c22,0.000715564,0,0,0,0,0,0,0.000434449,0.000178891,0.000408893,0.001610018,0,0,0,0,0,0,0.000741119,7.67E-05,0.000281114,0,0,0,0,0,0.000255558,0.00061334,0.001993355,0,0,0.001047789,0.001124457,0.002070023,0.000102223,0,0,0,0.009097879,0,0,0,0,0,0,0,0.00958344,0.00030667,0.000715564,0.00061334,0.000511117,0,0.000255558,0.000255558,0.000408893,7.67E-05,0.000664452,0,0,0,0,0,0,0,0,0,0,0,0,0,0,0,0,0,0,0,0,0,0,0,0.000153335,0,0,0,0.003347815,0,0.010375671,0,0,0.000102223,0,0,0,0,0,0,0,0,0,0
c23,0,0,0,0,0,0,0,0,0,0.016039236,0,0,0,0,0,0,0,0,0,0,0,0,0,0,0,0,0,0,0,0,0,0,0,0,0.008549841,0,0.000596501,0,0,0,0,0,0,0,0.000198834,0,0,0,0,0,0,0,0,0,0,0,0,0,0,0,0,0,0,0,0,0,0.000265111,0,0,0,0,0,0,0,0,0,0,0,0.000198834,0,0,0,0,0,0,0,0,0,0,0,0,0,0.000729056,0,0.000198834,0,0,0,0
c24,0,0,0,0,0,0,0,0,0,0.002000586,0.003415634,0,0,0,0,0,0,0.016736606,0.003122865,0,0.000146384,0,0,0,0,0,0,0.00102469,0,0,0.001073485,0,0.000683127,0.001073485,0,0,0,0.004489119,0,0,0,0,0,0,0,0.009466185,0,0,0,0.000536742,0,0,0,0,0,0,0,0,0,0,0,0,0,0,0,0,0,0,0,0,0,0,0,0,0,0,0,0,0,0,0,0.001317459,0,0,0,0.000487948,0,0,0,0,0,0,0,0,0,0,0,0,0
c25,0,0,0,0,0,0,0,0,0,0.01746409,0,0,0,0,0,0,0,0,0,0,0,0,0,0,0,0,0,0,0,0,0,0,0,0,0,0,0,0,0,0,0,0,0,0,0,0,0,0,0,0,0,0,0,0,0,0,0,0,0,0,0,0,0,0,0,0,0,0,0,0,0,0,0,0,0,0,0,0,0,0,0,0,0,0,0,0.001860081,0,0,0,0,0,0,0,0,0,0,0,0,0
c26,0,0,0,0,0,0,0,0,0,0.034440719,0.000304785,0,0,0,0,0,0,0,0,0,0,0,0,0,0,0,0,0,0,0,0,0,0,0,0.013816926,0,0,0,0,0,0,0,0,0.00040638,0.00060957,0,0,0,0,0,0,0,0,0,0,0,0,0,0,0,0,0,0,0,0,0,0,0,0,0,0,0,0,0,0,0,0,0,0.00081276,0,0,0,0,0,0,0.00040638,0,0,0,0,0,0,0,0,0.00040638,0,0,0,0
c27,0,0,0,0,0,0,0,0,0,0.00193216,0,0,0,0,0.01846286,0,0,0,0,0.001717475,0,0,0,0,0,0,0,0,0,0,0,0,0,0,0,0,0,0,0,0,0,0,0,0,0,0,0,0,0,0,0,0,0,0,0,0,0,0,0,0,0,0,0,0,0,0,0,0,0,0,0.000644053,0,0,0,0,0,0,0,0,0,0,0,0,0,0,0.001288106,0,0,0,0,0.036925719,0,0,0,0,0,0,0,0
c28,0,0,0,0.000770794,0,0,0,0,0.000910938,0.000350361,0.001121155,0,0,0,0,0,0,0.001541588,0,0.001051083,0,0,0,0,0,0,0.001681732,0.007007217,0,0,0.006726929,0,0.00098101,0,0,0,0,0,0,0,0,0,0,0,0,0,0.00017518,0,0.001681732,0.0046598,0,0.000315325,0.000490505,0,0,0,0,0,0,0,0,0,0,0,0,0,0,0,0,0,0,0,0,0,0,0,0,0,0,0.000210217,0,0,0,0.00080583,0,0.001051083,0,0,0,0,0,0,0.000280289,0,0,0,0,0.006761965,0
c29,0,0,0,0,0,0,0,0,0,0.00911577,0,0,0,0,0,0,0,0,0,0,0,0,0,0,0,0,0,0.013331814,0,0,0,0,0,0,0.007292616,0,0,0,0,0,0,0,0,0,0,0,0,0,0,0,0,0,0,0,0,0,0,0,0,0,0,0,0,0,0,0,0,0,0,0,0,0,0,0,0,0,0,0,0,0,0,0,0,0,0,0,0,0,0,0,0,0,0,0,0,0,0,0,0
c2,0,0,0,0,0,0,0,0,0,0.004043503,0,0,0,0,0,0,0,0.000976018,0.009760178,0,0,0,0,0,0,0,0,0,0,0,0,0,0,0,0,0,0,0,0,0,0,0,0,0,0,0,0,0,0,0,0,0,0,0,0,0,0,0,0,0,0,0,0,0,0.036391523,0.035554936,0,0,0,0,0,0,0,0,0,0,0,0,0,0,0,0,0,0,0,0.002230898,0,0,0,0,0,0,0,0,0,0,0,0,0
c30,0,0,0,0,0,0,0,0,0,0.015644643,0,0,0,0,0,0,0.010057271,0,0,0,0,0.018438329,0,0,0,0,0,0.002654002,0,0,0,0,0,0,0.001117475,0,0,0,0,0,0.001117475,0.002374633,0.003073055,0,0,0,0,0,0,0,0,0,0,0,0,0,0,0,0,0,0,0.000419053,0,0,0,0,0,0,0,0,0,0,0,0,0,0,0,0,0,0,0,0,0,0,0,0.000838106,0,0,0,0,0,0,0,0,0.002234949,0.001117475,0,0,0
c31,0,0,0,0,0,0,0,0,0,0.002436054,0,0,0,0,0,0,0,0,0,0,0,0,0,0,0,0,0,0,0,0,0,0,0,0,0.0045676,0,0,0,0,0,0,0,0.00091352,0,0,0,0,0,0,0,0,0,0,0,0,0,0,0,0,0,0,0,0,0,0,0,0,0,0,0,0,0,0,0,0,0,0,0,0.00091352,0,0,0,0,0,0,0.004263094,0,0,0,0,0,0,0.003958587,0,0.006090134,0.003958587,0,0,0
c32,0,0,0,0,0,0,0,0,0,0,0,0,0,0,0,0,0,0,0,0,0,0,0,0,0,0,0,0,0,0,0,0,0,0,0.013064133,0,0,0,0,0,0,0,0,0,0,0,0,0,0,0,0,0,0,0,0,0,0,0,0,0,0,0,0,0,0,0,0,0,0,0,0,0,0,0,0,0,0,0,0.000678656,0,0,0,0,0,0,0,0,0,0,0,0,0,0,0,0.013233797,0.020699016,0,0.008652867,0
c33,0,0,0,0,0,0,0,0,0,0.015533839,0,0,0,0,0,0,0,0,0,0,0,0,0,0,0,0,0,0,0,0,0,0,0,0,0.016554842,0,0.000291715,0,0,0,0.000510502,0,0,0,0.000218786,0,0,0,0,0,0,0,0,0,0,0,0,0,0,0,0,0,0,0,0,0,0,0,0,0,0,0,0,0,0,0,0,0,0.00123979,0,0,0,0,0,0,0.000437573,0,0,0,0,0,0,0.000364644,0,0,0.000437573,0,0,0
c34,0,0,0,0,0,0,0,0,0,0.007905138,0,0,0,0,0,0,0,0,0,0,0,0,0,0,0,0,0,0.00115685,0,0,0,0,0,0,0.002988528,0,0,0,0,0.000289212,0.001060445,0,0,0,0,0,0,0,0,0,0,0,0,0,0,0,0,0,0,0,0.008676371,0.000289212,0.000482021,0,0,0,0,0,0,0,0,0,0,0,0,0,0,0,0,0,0,0,0,0,0,0.000385617,0,0,0,0,0,0,0.000289212,0.00115685,0.00115685,0.000482021,0,0,0
c35,0,0,0,0,0,0,0,0,0,0.000727397,0,0,0.026485816,0,0,0,0,0.001839887,0,0.010397501,0,0,0,0,0,0,0,0.000385093,0,0,0.000128364,0,0.003294681,0,0,0,0,0,0,0,0,0,0,0,0,0,0,0,0,0,0,0,0,0,0,0,0,0,0,0,0,0,0,0,0,0,0,0,0,0,0,0.000171152,0,0,0,0,0,0,0,0,0,0,0,0.000256728,0,0.000256728,0,0,0,0,0,0.000342305,0,0,0,0,0,0,0
c36,0,0,0,0,0,0,0,0,0,0.000666963,0.00644731,0,0,0,0,0,0,0.001556247,0,0,0,0,0,0,0,0,0,0,0,0,0.001111605,0,0,0,0,0,0,0,0,0,0,0,0,0,0,0,0.020898177,0,0,0,0,0,0,0,0,0,0,0,0,0,0,0,0,0,0,0,0,0,0,0,0,0,0,0,0,0,0,0,0,0,0,0,0,0,0,0,0,0,0,0,0,0,0,0,0,0,0,0,0
c37,0,0,0,0,0,0.000130497,0,0,0.000104398,0.00044369,0.000365392,0,0,0,0,0,0,0.0046718,0.000391492,0.00044369,0,0,0,0,0,0,0,0.002557745,0,0,0.000365392,0,0.000287094,0,0,0,0,0.002192353,0,0,0,0,0,0,0,0.002192353,0,0,0,0.002218452,0,0,0,0,0,0,0,0,0,0,0,0,0,0,0,0,0,0,0,0,0,0,0,0,0,0,0,0,0,7.83E-05,0,0.000600287,0,0,0,0.000156597,0,0,0,0,0,0,0,0,0,0,0,7.83E-05,0.000130497
c38,0,0,0,0,0,0,0,0,0,0.010173913,0,0,0,0,0,0,0,0,0,0,0,0,0,0,0,0,0,0.01226087,0,0,0,0,0,0,0.001913043,0,0,0,0,0,0,0,0,0,0,0,0,0,0,0,0,0,0,0,0,0,0,0,0,0,0,0,0,0,0,0,0,0,0,0,0,0,0,0,0,0,0,0,0,0,0,0,0,0,0,0,0,0,0,0,0,0,0,0.000782609,0,0,0,0,0
c39,0,0,0,0,0,0,0,0,0.027237354,4.957198444,0,0,0,0,0,0,0,0.140077821,0.015564202,0,0,0,0,0,0,0,0,0,0,0.015564202,0,0,0,0,0.225680934,0,0,0,0.015564202,0.023346304,3.178988327,0,0,0.058365759,0.155642023,0,0,0,0,0,0,0,0,0,0,0,0,0,0,0,0,0,0,0,0,0,0,0,0,0.509727626,0,0,0,0,0,0,0,0,0.070038911,0,0,0,0,0,0,0.233463035,0,0,0,0,0,0,0.054474708,0.019455253,0,0,0,0,0
c3,0.000341511,0,0,9.96E-05,5.69E-05,3.56E-05,8.54E-05,0,8.54E-05,0.003208777,0.001245091,9.96E-05,0.00128778,0.000604758,0.000241903,9.25E-05,0,0.000690136,0.000227674,0.000149411,4.98E-05,0,5.69E-05,3.56E-05,3.56E-05,0.000128066,0.000270363,0.000327281,5.69E-05,0.000249018,0.000305937,3.56E-05,0.000249018,0.000206329,0.002148671,0,0.000789743,9.96E-05,0.000398429,0.000227674,0.000576299,0,2.13E-05,3.56E-05,0,9.25E-05,0.00035574,0.000341511,0.000270363,0.000199215,0.000377085,9.96E-05,0,0,0,0,2.13E-05,0,0,0,6.40E-05,0,0,0,0.000120952,0.000142296,0.000647447,0.000747054,0.000142296,0.000142296,2.13E-05,3.56E-05,0,0,0,0,0,0,0.000277477,2.13E-05,0,0,0,4.27E-05,0.000149411,0.001992145,7.11E-05,7.11E-05,4.98E-05,0.000120952,0.000512266,4.27E-05,0.000697251,0.00035574,0.000291707,0.000348625,0,0.000540725,3.56E-05
c40,0,0,0,0,0,0,0,0,0,0.001718213,0,0,0,0,0,0,0,0,0,0,0,0,0,0,0,0,0,0,0,0,0,0,0,0,0.004725086,0,0,0,0,0,0,0,0,0,0,0,0,0,0,0,0,0,0,0,0,0,0,0,0,0,0,0,0,0,0,0,0,0,0,0,0,0,0,0,0,0,0,0,0.00128866,0,0,0,0,0,0,0,0,0,0,0,0,0,0.001718213,0.004725086,0.012457045,0.00128866,0,0,0
c42,0,0,0,0,0,0.005919186,0,0.000244594,0,0.000587027,0,0,0,0,0,0,0,0.002837296,0,0.001369729,0,0,0,0,0,0,0,0.002054593,0,0,0,0.000733783,0.001467567,0,0,0,0,0,0,0,0,0,0,0,0,0,0,0,0,0,0,0,0,0,0,0,0,0,0,0,0,0,0,0,0,0,0,0,0,0,0,0,0,0,0,0,0,0,0,0,0,0,0,0,0,0.000293513,0,0,0,0,0,0,0,0,0,0,0,0,0.005919186
c43,0,0,0,0,0,0,0,0,0,0.001347709,0,0,0.006289308,0,0,0,0,0,0,0.000673854,0,0,0,0,0,0,0,0,0,0,0,0,0,0,0,0,0,0,0,0,0,0,0,0,0,0,0,0,0,0,0,0,0,0,0,0,0,0,0,0,0,0,0,0,0,0,0,0,0,0,0,0,0,0,0,0,0,0,0,0,0,0,0,0,0,0.000898473,0,0,0,0,0,0,0,0,0,0,0,0,0
c44,0,0,0,0,0,0,0,0,0,0.010324015,0,0,0,0,0,0,0,0,0,0,0,0,0,0,0,0,0,0.00317662,0,0,0,0,0,0,0.001905972,0,0,0,0,0,0,0,0,0,0.001270648,0,0,0,0,0,0,0,0,0,0,0,0,0,0,0.003970775,0.007147395,0.002382465,0,0.000635324,0,0,0,0,0,0,0,0,0,0,0,0,0,0,0,0,0,0,0,0,0,0.000635324,0,0,0,0,0,0,0.000635324,0,0.002700127,0,0,0,0
c46,0,0,0,0,0,0,0,0,0,0.014498934,0,0,0,0,0,0,0,0,0,0,0,0,0,0,0,0,0,0.000319829,0,0,0,0,0,0,0.007142857,0,0,0,0,0,0.009594883,0.000426439,0.000533049,0,0.000319829,0,0,0,0,0,0,0,0,0,0,0,0,0,0,0,0,0,0,0,0,0,0,0,0,0,0,0,0,0,0,0,0,0,0,0,0,0,0,0,0,0.000852878,0,0,0,0,0,0,0,0,0,0,0,0,0
c47,0,0,0,0,0,0,0,0,0,0.005038824,0,0,0,0,0,0,0,0,0,0,0,0,0.006195275,0,0,0,0,0,0,0,0,0,0,0,0.000413018,0,0,0,0,0.001404262,0.010986288,0,0,0,0,0,0,0,0,0,0,0,0,0,0,0,0,0,0,0,0,0,0,0,0,0,0,0,0,0,0,0,0,0,0,0,0,0,0,0,0,0,0,0,0,0.001982488,0,0,0,0,0,0,0.001899884,0,0,0,0,0,0
c48,0,0,0,0,0,0,0,0,0,0.047697368,0,0,0,0,0,0,0,0,0,0,0,0,0,0,0,0,0,0,0,0,0,0,0,0,0.055921053,0,0,0,0,0,0,0,0,0,0,0,0,0,0,0,0,0,0,0,0,0,0,0,0,0,0,0,0,0,0,0,0,0,0,0,0,0,0,0,0,0,0,0,0.042763158,0,0,0,0,0,0,0,0,0,0,0,0,0,0,0,0,0.006578947,0,0,0
c4,0,0,0,0,0,0,0,0,0,0.00535424,0,0.00133856,0,0.018739841,0,0,0,0.011855818,0,0,0,0,0,0,0,0,0,0.002294674,0,0.002199063,0,0.000286834,0,0,0,0,0,0,0,0,0,0,0,0,0,0,0,0,0,0,0,0,0.003442012,0,0,0,0,0,0,0,0,0,0,0,0,0,0,0,0,0.000286834,0.000573669,0,0,0,0,0,0,0,0,0,0,0,0,0.001051726,0,0.000956114,0,0,0,0,0,0,0.012333875,0.013098767,0.006788412,0,0,0.004398126,0
c51,0,0,0,0,0,0,0,0,0.000629644,0.001259287,0.002518574,0,0,0,0,0,0,0.00100743,0,0,0,0,0,0,0,0,0,0.001133359,0,0,0.002266717,0,0.000377786,0.002140788,0,0,0,0.000629644,0,0,0,0,0,0,0,0.000503715,0,0,0,0.002266717,0,0,0,0,0,0,0,0,0,0,0,0,0,0,0,0,0,0,0,0,0,0,0,0,0,0,0,0,0,0,0,0,0,0,0,0,0,0,0,0,0,0,0,0,0,0,0,0,0
c52,0,0,0,0,0,0,0,0,0,0.001809627,0.007781397,0,0,0,0,0,0,0.00199059,0,0,0,0,0,0,0,0,0,0,0,0,0,0,0,0.001809627,0,0,0,0.000904814,0,0,0,0,0,0,0,0.000723851,0,0,0,0,0.012938835,0,0,0,0,0,0,0,0,0,0,0,0,0,0,0,0,0,0,0,0,0,0,0,0,0,0,0,0,0,0,0,0,0,0,0.000542888,0,0,0,0.003619254,0,0,0.001266739,0.000361925,0,0,0,0.000995295,0
c57,0,0,0,0,0,0,0,0,0,0.011174333,0,0,0,0,0,0,0,0.000856927,0,0,0,0,0,0,0,0,0,0,0,0,0,0,0,0,0.031706314,0,0,0,0.000411325,0.000377048,0,0.000205663,0.000411325,0.00082265,0.001988072,0,0,0,0,0,0,0,0,0.000137108,0,0,0,0,0,0,0,0,0,0,0,0,0,0,0,0,0,0,0,0,0,0,0,0,0.000514156,0,0,0.000171385,0,0,0,0.000411325,0,0,0,0,0,0,0.001850963,0.022828546,0.000171385,0.000205663,0,0,0
c5,0.002239015,0,0,0,0,0,0,0,0,0.003358522,0.001399384,0,0.005597537,0,0,0.01511335,0,0.001119507,0.008116429,0,0,0,0,0,0,0.001119507,0.002239015,0.008676182,0,0,0.002239015,0.009235936,0.00531766,0,0,0,0,0.001119507,0,0,0,0,0,0,0,0.001119507,0,0.002239015,0.002239015,0.00447803,0.001119507,0,0,0,0,0,0,0,0,0,0,0,0,0,0,0,0,0,0,0,0,0,0,0,0,0,0,0,0,0,0,0,0,0.001679261,0,0.00447803,0,0,0,0,0,0,0.001399384,0,0,0,0,0,0
c62,0,0,0,0,0,0,0,0,0,0.002531063,0,0.000920387,0,0.000920387,0,0,0,0.001610676,0,0,0,0,0,0,0,0,0,0,0,0,0,0,0,0,0,0,0,0,0,0,0,0,0,0,0,0,0,0,0,0,0,0,0,0,0,0,0,0,0,0,0,0,0,0,0,0,0,0,0,0,0,0,0,0,0,0,0,0,0,0,0,0,0,0,0,0,0,0,0,0,0,0,0,0,0,0,0,0.00069029,0
c64,0,0,0,0,0,0,0,0,0.000527157,0.022463694,0.001071319,0,0,0,0,0,0,0.000238071,0,0,0,0,0,0,0,0,0,0,0,0,0,0,0,0,0.000442132,0,5.10E-05,0,6.80E-05,0,0.007176138,5.10E-05,6.80E-05,0.000119035,0.000272081,0,0,0,0,0,0,0,0,0,0,0,0,0,0,0,0,0,0,0,0,0,0,0,0.003349998,0.000306091,0,0,0,0,0,0,0,0,8.50E-05,0,0,0,0,0,0,0.000272081,0,0,0,0,0,0,5.10E-05,5.10E-05,0,0,0,0,0
c7,0,0,0.003663004,0,0,0,0,0,0,0.005494505,0,0,0,0,0,0.001526252,0,0,0.028083028,0,0.001831502,0,0,0.015873016,0,0,0,0,0,0,0.002747253,0.001221001,0,0,0,0,0,0,0,0,0,0,0,0,0,0,0,0,0,0,0,0,0.01007326,0,0,0,0,0,0,0,0,0,0,0,0,0,0,0,0,0,0,0,0,0,0,0,0,0,0,0,0,0,0,0.001831502,0,0.002442002,0,0,0,0,0,0,0.002442002,0,0.007326007,0.002136752,0,0.005799756,0
c8,0,0.000543237,0,0,0,0,0,0,0.003555731,0.030026174,0,0,0,0,0,0,0,0,0,0,0,0,0,0,0,0,0,0,0,0,0,0,0,0,0.018124352,0,0,0,0,0,0,0,0,0.003111265,0.002074177,0,0,0,0,0,0,0,0,0,0,0,0,0,0,0,0,0,0,0,0,0,0,0,0,0,0,0,0,0,0,0,0,0,0.001432169,0,0,0,0,0,0,0.000888933,0,0,0,0,0,0,0.000543237,0.016050175,0,0.000444466,0,0,0
chub,0,0,0,0,0,0,0,0,0,0.015387265,0,0,0,0,0,0,0,0,0,0,0,0,0,0,0,0,0,0.002354022,0,0,0,0,0,0,0.001205719,0,0,0,0.001148303,0.004880289,0.013262904,0.000229661,0.000861228,0.000287076,0,0,0,0,0,0,0,0,0,0,0,0,0,0,0,0,0,0,0,0,0,0,0,0,0,0,0,0,0,0,0,0,0,0,0,0,0,0,0,0,0,0.001033473,0,0,0,0,0,0,0.002124361,0.002583683,0.001263134,0.000631567,0,0.000287076,0
d10,0,0,0,0.046842105,0.076315789,0,0.052105263,0.003157895,0,0.006842105,0,0,0,0,0.044736842,0,0,0.007368421,0.001578947,0,0,0,0,0,0,0,0,0,0,0,0.013157895,0,0,0.006315789,0.001578947,0,0,0,0,0,0.001578947,0,0,0,0,0,0,0,0,0,0,0,0,0,0,0,0,0,0,0,0,0,0,0,0,0,0,0,0,0,0,0,0,0,0,0,0,0,0,0,0,0,0,0,0,0.014736842,0,0,0,0,0.052631579,0,0,0,0,0,0,0,0
d11,0,0,0,0,0,0,0,0,0,0.000205846,0,0,0,0,0,0,0,0.009057225,0,0,0,0,0,0,0,0,0,0,0,0,0.000205846,0,0,0,0,0,0,0,0,0,0,0,0,0,0,0,0,0,0,0,0,0,0,0,0,0,0,0,0,0,0,0,0,0,0,0,0,0,0,0,0.000274461,0,0,0,0,0,0,0,0,0,0,0,0,0,0,0.006724304,0,0,0,0,0,0,0,0,0,0,0,0,0
d12,0,0,0,0,0,0,0,0,0,0.007119127,0,0.009017561,0,0.02301851,0,0,0,0.011153299,0.001423825,0.002847651,0.003203607,0,0,0,0,0,0,0,0,0.000474608,0,0,0,0,0,0,0,0,0,0,0,0,0,0,0.000949217,0,0,0,0,0,0,0,0,0,0,0,0,0,0,0,0,0,0,0,0,0,0,0,0,0,0,0,0,0,0,0,0,0,0,0,0,0,0,0,0,0.003796868,0,0,0,0,0,0.000355956,0.003440911,0,0.001186521,0,0,0.000711913,0
d1,0.002874079,0,0,0,0,0,0,0,0,0.04885935,0.058738998,0,0,0,0,0,0,0.007724088,0.00215556,0.0017963,0,0,0,0,0,0.00071852,0.010059278,0.002514819,0,0,0,0,0,0,0,0,0,0,0,0,0,0,0,0,0,0,0.002514819,0.002874079,0.010059278,0.003412969,0.00089815,0.003592599,0,0.005209269,0,0.005029639,0,0.00197593,0,0,0,0,0,0,0,0,0.076522364,0.069157535,0.003233339,0.003951859,0.00197593,0,0,0,0,0,0,0,0,0,0,0.0017963,0,0,0,0.005029639,0.004131489,0.010238908,0.008262978,0.00089815,0,0,0,0,0,0,0,0,0
d2,0,0,0,0,0,0,0,0,0,0,0,0,0,0,0,0,0,0,0,0,0,0,0,0,0,0,0,0,0,0,0.012143151,0,0,0,0,0,0,0,0,0,0,0,0,0,0,0,0,0,0,0.036804419,0,0,0,0,0,0,0,0,0,0,0,0,0,0,0,0,0,0,0,0,0,0,0,0,0,0,0,0,0,0,0,0,0,0,0,0,0,0,0,0,0,0,0,0,0,0,0,0,0
d5,0.010670905,0,0,0,0,0,0,0,0.020547168,0.012487229,0.095811102,0,0,0,0,0,0,0.017822681,0.003065047,0,0,0,0,0,0,0.009762743,0.096719264,0.016573958,0,0,0.015098195,0,0.009649222,0,0,0,0,0,0,0,0,0,0,0,0,0,0,0.010670905,0.096719264,0.025542059,0,0.020887728,0.002270405,0,0,0,0.002156885,0,0,0,0,0,0,0,0,0,0,0,0,0,0,0,0,0,0,0,0,0,0,0.014984675,0,0,0,0,0,0,0,0,0,0,0,0,0,0,0,0,0,0,0
d6,0.045119924,0,0,0,0,0,0,0,0.00744083,0.004353677,0.101876039,0,0,0,0,0,0,0.034512784,0,0.011636191,0.004116204,0,0,0,0,0.023668171,0.127602311,0.022955751,0,0.007203356,0.0091823,0.000870735,0.002453891,0.005461886,0,0,0,0.002928837,0,0,0,0,0,0,0,0.002691364,0.018443758,0.045119924,0.127602311,0.060872319,0.008944827,0.028101005,0,0.020739333,0.007124199,0.026201219,0.019393652,0.000791578,0.000395789,0,0,0,0,0,0,0,0.007519987,0.003403784,0,0,0,0,0,0,0,0,0,0,0,0.00459115,0,0,0,0,0,0.037520779,0.000474947,0.001187366,0,0.001266524,0,0,0.001266524,0.000633262,0,0,0.009103143,0.001899786,0
d7,0.000981538,0,0,0,0,0,0,0,0.000806263,0.00126782,0.001863753,0,2.92E-05,0,0,0.000122692,0,0.003791774,0.00021033,0.001904651,0,0,0,0,0,0.000438186,0.002009815,0.003850199,0,0,0.001758588,0.000858846,0.002892031,0.000426502,0,0,0,0.01414466,0,0,0,0,0,0,0,0.020892732,0.000537509,0.000981538,0.002009815,0.001600841,0,0.000555036,0.000373919,0.000444029,0.000111007,0.001115915,0.00016359,0,0,0,0,0,0,0,0,0,0.000373919,0.000111007,0,0,0,0,0,0,0,0,0,0,0,0,0,2.92E-05,0,0.003447067,0,0.003365272,0,0,0,0,0,0,0.00110423,0.000321337,0,0,0,0.001437252,0
d8,0,0,0,0,0,0,0,0,0,0.204373712,0,0,0,0,0,0,0,0.013624914,0,0,0,0,0.000572475,0,0,0,0,0,0,0,0,0,0,0,0.272727273,0,0.009503091,0,0.001488436,0.001717426,0.002518892,0,0.00045798,0.003320357,0.003434852,0,0,0,0,0,0,0,0,0.002747882,0,0,0,0,0,0,0,0,0,0,0,0,0,0,0,0.003434852,0,0,0,0,0,0,0,0,0.040302267,0,0,0,0,0,0.000572475,0.004121823,0,0,0,0,0,0,0.026677353,0.035149989,0.00812915,0.039271811,0,0.00068697,0
d9,0,0,0,0,0,0,0,0,0,0.012025316,0,0,0.175949367,0,0,0.002278481,0,0.023417722,0,0,0,0,0,0,0,0,0,0,0,0.002405063,0.013924051,0,0,0,0,0,0,0,0,0,0,0,0,0,0,0,0,0,0,0,0,0,0,0,0,0,0.000759494,0,0,0,0,0,0,0,0,0,0,0,0,0,0,0.046835443,0.001392405,0.001898734,0.001772152,0,0,0,0,0,0,0,0,0,0,0.002278481,0,0,0,0,0,0,0,0,0,0,0,0,0
e12,0,0,0,0,0,0,0,0,0,0.004471891,0,0,0,0,0,0,0,0.000638842,0,0,0,0,0,0,0.00028393,0,0,0,0,0,0,0,0,0,0.000354912,0,0,0,0,0.000425894,0.000567859,0,0,0,0,0,0,0,0,0,0,0,0,0,0,0,0,0,0,0,0.000922771,0,0,0.000496877,0,0,0,0,0,0,0,0,0,0,0,0,0,0,0,0,0,0,0,0,0,0.000425894,0,0,0,0,0,0,0,0,0,0,0,0,0
e13,0,0,0,0,0,0,0,0,0,0.007453152,0,0,0,0,0,0,0,0.000709824,0.000638842,0,0,0,0,0,0,0,0,0,0,0,0,0,0,0,0.001632595,0,0,0,0,0.001277683,0.001703578,0,0,0,0,0,0,0,0,0,0,0,0,0,0,0,0,0,0,0,0,0,0,0.000567859,0,0,0,0,0,0,0,0,0,0,0,0,0,0,0.000354912,0,0,0,0,0,0,0.001135718,0,0,0,0,0,0,0,0,0,0,0,0,0
e14,0,0,0,0,0,0,0.129411765,0,0.223529412,4.694117647,0.517647059,0,0.752941176,0,0,0,0,1.341176471,0,0,0,0,0,0,0,0,0,0.411764706,0,0,0,0,0.188235294,0.682352941,0.423529412,0.858823529,0,0.176470588,0,0,0.305882353,0,0,0,0,0.152941176,0,0,0,0.082352941,0,0,0,0,0,0,0,0,0,0.070588235,0.070588235,0,0,0,0,0,0.482352941,0.2,0,0,0,0,0,0,0,0,0,0,0.176470588,0.035294118,0,0,0,0,0,0.376470588,0.058823529,0.105882353,0.070588235,0,0,0,0,0,1.964705882,0.658823529,0,0.952941176,0
e15,0,0,0,0,0,0,0,0,7.59E-05,0.005922851,0,0,0,0,0,0,0,0.003315784,0,0.001063076,0,0,0,0,0,0,0,0,0,0,0,0,0,0,0.001366812,0,0.000151868,0,0,0,0.000809963,0,0,0,0.000101245,0,0,0,0,0,0,0,0,0,0,0,0,0,0,0,0.000227802,0,0,0.001164321,0,0,0,0,0,0,0,0,0,0,0,0,0,0,0.000101245,0,0,0,0,0,0,0.000404981,0,0,0,0,0,0,0,0,7.59E-05,0.000404981,0,0,0
e16,0,0,0,0,0,0,0,0,0.000448531,0.013455932,0,0,0,0,0,0,0,0.004933842,0.001906257,0.000336398,0,0,0.000336398,0.000336398,0,0,0,0.001681991,0,0,0.008970621,0,0,0.007400763,0.010764745,0,0.009194887,0,0,0.000336398,0.004821709,0,0,0,0,0,0,0,0,0.000784929,0,0,0,0,0,0,0,0,0,0,0.000336398,0,0,0.000672797,0,0,0,0,0,0,0,0,0,0,0,0,0,0,0.000448531,0,0,0.002466921,0,0,0.000448531,0.002915452,0,0,0,0,0,0,0.001345593,0.001457726,0,0.003027585,0,0,0
e17,0,0,0,0,0,0.000644707,0,0,0,0.000779645,7.50E-05,0,0,0,0,0,0,0.000794638,0.000134939,6.00E-05,0,0,0,0,0,0,0,0.000704679,0,0,7.50E-05,0.000209904,0.000674693,0,4.50E-05,0,0,0,0,0,0,0,0,0,0,0,0,0,0,7.50E-05,0,0,0,0,0,0,0,0,0,0,0,0,0,0,0,0,0,0,6.00E-05,4.50E-05,0,0,0,0,0,0,0,0,4.50E-05,0,0,0.000374829,0,0,0,0.001259427,0,0,0,0,0,0,0,0,0,0,0,0,0.000644707
e18,0,0,0,0,0,0.00250492,0,0,0,0.025049204,0,0,0,0,0,0,0,0.00805153,0,0.002147075,0.003578458,0,0,0,0,0,0,0.010198604,0,0,0.006977992,0,0.010735373,0.005546609,0,0,0,0,0,0,0,0,0,0,0,0,0,0,0,0,0,0,0,0,0,0,0,0,0,0,0,0,0,0,0,0,0,0,0,0,0,0,0,0,0,0,0,0,0,0,0,0,0,0.008588298,0,0.003936303,0,0,0,0,0,0,0,0,0,0,0,0,0.00250492
e1,0,0,0,0,0,0.015953969,0.00268079,0,0.006930823,0.008565451,0.004642343,0,0.018438603,0,0,0,0,0.023407872,0.004707729,0.007846214,0.003400026,0,0,0,0,0.001046162,0.004446188,0.031319472,0,0,0.01111547,0.008565451,0.016803975,0.003792337,0,0,0,0.005296195,0,0,0,0,0,0,0,0.004642343,0,0,0.004446188,0.010461619,0,0.001896168,0,0,0,0,0,0,0,0,0,0,0,0,0,0,0,0,0,0,0,0,0,0,0,0,0,0,0,0.001700013,0.000326926,0.007323133,0,0.000850007,0,0.003269256,0,0,0,0,0.001700013,0,0,0,0,0,0,0,0.015953969
e21,0,0,0,0,0,0,0,0,0,0.001033325,0,0,0,0,0,0,0,0,0,0,0,0,0,0,0,0,0,0.002841643,0,0,0.004133299,0,0,0.002583312,0,0,0,0,0,0,0,0,0,0,0,0,0,0,0,0.001033325,0,0,0,0,0,0,0,0,0,0,0,0,0,0,0,0,0,0,0,0,0,0,0,0,0,0,0,0,0,0,0,0,0,0,0,0,0,0,0,0,0,0,0,0,0,0,0,0,0
e24,0,0,0,0,0,0.004174223,0,0.000690906,0.002504534,0.002274232,0.001209085,0,0.006362092,0,0.000345453,0,0,0.009615108,0.003771195,0.005210582,0.001237873,0,0,0,0,0,0.00178484,0.012695397,0,0,0.002907563,0,0.008031782,0.002360595,0,0,0,0.001439387,0,0,0,0,0,0,0,0.001468175,0,0,0.00178484,0.00230302,0,0,0,0,0,0,0.000403028,0,0,0,0,0,0,0,0,0,0,0,0,0,0,0,0,0,0,0,0,0,0,0.000460604,0,0.008549961,0,0,0,0.001554538,0,0,0,0,0.000690906,0,0,0,0,0,0,0,0.004174223
e25,0,0,0,0,0,0,0,0,0,0.020843551,0.012751349,0,0,0,0,0,0,0,0,0,0,0,0,0,0,0,0,0,0,0,0,0,0,0,0.005149583,0,0.00980873,0,0,0,0.00416871,0,0,0,0,0,0,0,0,0,0,0,0,0,0,0,0,0,0,0,0,0,0,0,0,0,0.005149583,0.002697401,0.000980873,0,0,0,0,0,0,0,0,0,0,0,0,0,0,0,0,0.002942619,0,0,0,0,0,0,0,0,0,0,0,0,0
e27,0,0,0,0,0,0,0,0.022275738,0,0,0,0,0,0,0.003010235,0,0,0.329921734,0.008729681,0,0,0,0,0,0,0,0,0.009331728,0,0.034918724,0.014449127,0,0,0,0,0,0,0,0,0,0,0,0,0,0,0.002709211,0,0,0,0.003311258,0,0,0,0,0,0,0,0,0,0,0,0,0,0,0,0,0.011438892,0.00692354,0,0,0,0,0,0,0,0,0,0,0,0,0,0,0,0.003010235,0,0.050571945,0,0,0,0,0,0,0,0,0,0,0,0,0
e2,0,0,0,0,0,0,0,0,0,0,0,0,0,0,0,0,0,0,0,0,0,0,0,0,0,0,0,0,0,0,0,0,0,0,0,0,0,0,0,0,0,0,0,0,0,0,0,0,0,0,0,0,0,0,0,0,0,0,0,0,0,0,0,0,0,0,0,0,0,0,0,0,0,0,0,0,0,0,0,0,0,0,0,0,0,0,0,0,0,0,0,0,0,0,0,0,0,0,0
e33,0,0,0,0,0,0,0,0,0,0.000772201,0,0,0,0,0,0,0,0.002702703,0.001737452,0,0,0,0,0,0,0,0,0.000772201,0.000579151,0,0.003861004,0,0,0.001737452,0,0,0,0,0,0,0,0,0,0,0,0,0,0,0,0.000579151,0,0,0,0,0,0,0,0,0,0,0,0,0,0,0,0,0,0,0,0,0,0,0,0,0,0,0,0,0,0,0,0,0,0,0,0.000772201,0,0,0,0,0,0,0,0,0,0,0,0,0
e3,0.00198359,0,0,0,0,0.001442611,0.000631142,0,0.00450816,0.004688486,0.001893427,0,0.00901632,0,0,0,0,0.014155622,0.004057344,0.002704896,0.001172122,0,0,0,0,0.001262285,0,0.014696601,0,0,0.010458931,0.00027049,0.006942566,0.005229465,0,0,0,0.006942566,0,0,0,0,0,0,0,0.006040934,0.001262285,0.00198359,0,0.010188441,0.000811469,0,0,0,0,0,0,0,0,0,0,0,0,0,0,0,0,0,0,0,0,0,0,0,0,0,0,0,0,0,0,0.000450816,0,0,0,0.002704896,0,0,0,0,0,0,0,0,0,0,0,0,0.001442611
e4,0,0,0,0,0.002820701,0.002575423,0.00306598,0.003433897,0.006745156,0.009933775,0.006254599,0,0.024159922,0,0.001349031,0,0,0.042555801,0.013858229,0.010424332,0.002943341,0,0,0.004782929,0,0,0.002698062,0.026244788,0,0,0.018518519,0,0.01214128,0.01226392,0,0,0,0.006867795,0,0,0,0,0,0,0,0.006867795,0,0,0.002698062,0.009933775,0,0,0.001103753,0.00147167,0,0.00147167,0.000367918,0,0,0,0,0,0,0,0,0,0,0,0,0,0,0.002698062,0,0,0,0,0.000613196,0,0,0.000613196,0,0,0,0,0,0.007358352,0,0,0,0,0.002698062,0,0,0,0,0,0,0,0.002575423
e5,0,0,0,0,0,0.001492259,0,0.002984518,0.009979481,0.006621899,0.0063421,0,0.029845178,0,0,0.00121246,0,0.025554934,0.015109121,0.010632345,0.002891252,0,0,0.002238388,0.000373065,0,0.004476777,0.021357956,0,0.000466331,0.007647827,0,0.007181496,0.010912143,0,0,0,0.005782503,0,0,0,0,0,0,0,0.005222906,0,0,0.004476777,0.008114158,0,0,0.000839396,0,0,0,0.00121246,0,0,0,0,0,0,0,0,0,0,0,0,0,0,0,0,0,0,0,0,0,0,0.001398993,0,0.001305727,0,0,0,0.004849841,0,0,0,0,0.001865324,0,0,0,0,0,0,0,0.001492259
e7,0,0,0,0,0,0,0,0,0,0.00098436,0,0,0,0,0,0,0,0.004921798,0.002953079,0.002078093,0,0,0,0,0,0,0,0.002624959,0,0,0.001203106,0,0.002187466,0.001093733,0,0,0,0,0,0,0,0,0,0,0,0,0,0,0,0,0,0,0,0,0,0,0,0,0,0,0,0,0,0,0,0,0,0,0,0,0,0,0,0,0,0,0,0,0,0,0,0,0,0,0,0.001093733,0,0,0,0,0,0,0,0,0,0,0,0,0
e8,0,0,0,0,0,0.031830239,0,0.000730404,0,0.000538192,0,0,0,0,0,0,0,0.002537193,0.004074886,0.003882674,0.000730404,0,0,0,0,0,0,0.0162611,0.00149925,0,0.00530504,0,0.014069888,0.000192212,0,0,0,0,0,0,0,0,0,0,0,0,0,0,0,0,0,0,0,0,0,0,0,0,0,0,0,0,0,0,0,0,0,0,0,0,0,0,0,0,0,0,0,0,0,0,0,0.007419367,0,0,0,0.000230654,0,0,0,0,0,0,0,0,0,0,0,0,0.031830239
e9,0,0,0,0,0,0.000139712,0,0,7.98E-05,0.001377163,0.000419137,0,0,0,0.000339301,0,0,0.004530667,0.001556793,0,0,0,0,0,0,0,0,0.000279424,0,0,0.000399178,0,0,0,0,0,0,0,0,0,0,0,0,0,0,0,0,0,0,7.98E-05,0,0,9.98E-05,0,0,0,0,0,0,0,0,0,0,0,0,0,0.001317286,0.001197533,0.000618725,0.000279424,0,0,0,0,0,0,0,0,0,0,0,0.000459054,0.000638684,0,0,0.00035926,0.000119753,9.98E-05,9.98E-05,0,0.000239507,0,0,0,0,0,0,0,0.000139712
f1,0,0,0,0,0,0,0,0,0,0.004265403,0,0,0,0,0,0,0,0.249921011,0,0,0,0,0,0,0,0,0,0,0,0,0,0,0,0,0,0,0,0,0,0,0,0,0,0,0,0,0,0,0,0,0,0,0,0,0,0,0,0,0,0,0,0,0,0,0,0,0,0,0,0,0,0,0,0,0,0,0,0,0,0,0,0,0,0,0,0.003159558,0,0,0,0,0,0,0,0,0,0,0,0,0
f2,0.008914525,0,0,0,0,0,0,0,0.041164132,0.011798637,0.02176193,0,0,0,0,0,0,0.012060829,0,0.002621919,0.001573152,0,0,0,0,0.003670687,0.04090194,0.051389617,0,0.001048768,0.008652334,0,0.008652334,0.004719455,0,0,0,0.002621919,0,0,0,0,0,0,0,0.002359727,0.002097535,0.008914525,0.04090194,0.040639748,0.001048768,0.007341374,0.002884111,0.010225485,0,0.011536445,0.002359727,0,0,0,0,0,0,0,0,0,0,0,0,0,0,0,0,0,0,0,0,0,0,0.011274253,0,0,0,0,0,0.005243838,0,0,0,0.000786576,0,0,0,0,0,0,0,0,0
f3,0,0,0,0.006315789,0.031052632,0,0.042105263,0,0,0.016842105,0.002631579,0,0,0,0.045263158,0,0,0.022105263,0.007894737,0.004736842,0,0,0,0,0,0,0,0.044736842,0.005263158,0,0.028421053,0.015263158,0.037368421,0.020526316,0,0,0,0,0,0,0,0,0,0,0,0,0,0,0,0,0,0,0,0,0,0,0,0,0,0,0,0,0,0,0,0,0,0,0,0,0.004210526,0,0,0,0,0,0,0,0,0,0,0,0,0,0,0.006315789,0,0,0,0,0.252631579,0,0,0,0,0,0,0,0
f4,0,0,0,0,0,0,0,0,0,0.006699444,0.00048625,0,0.224539413,0,0,0.00653736,0,0.002269166,0,0,0,0,0,0,0,0,0,0.005889027,0,0,0.010751526,0,0.017234859,0.007131666,0,0,0,0,0,0,0,0,0,0,0,0,0,0,0,0,0,0,0,0,0,0,0,0,0,0,0,0,0,0,0,0,0,0,0,0,0,0.043600411,0.001512778,0.001945,0.002161111,0.001782916,0.001728889,0.001026528,0,0,0,0.005997083,0,0.000324167,0,0.001728889,0,0,0,0,0,0,0,0,0,0,0,0,0
f6,0,0,0.001880288,0,0,0,0,0,0,0.002820432,0,0,0,0,0,0,0,0,0.005954246,0,0.002507051,0,0,0.019429646,0,0,0,0,0,0,0.012221874,0.000940144,0,0,0,0,0,0,0,0,0,0,0,0,0,0,0,0,0,0,0,0,0.017549358,0,0,0,0,0,0,0,0,0,0,0,0,0,0,0,0,0,0,0,0,0,0,0,0,0,0,0,0,0,0,0.001566907,0,0.001880288,0,0,0,0,0,0,0.008461297,0,0.001880288,0.001253526,0,0,0
f7,0,0,0,0,0,0,0,0,0,0.007317802,0.014934289,0,0,0,0,0,0,0.001493429,0,0,0,0,0,0,0,0,0.000597372,0,0,0,0,0,0,0,0,0,0,0,0,0,0,0,0,0,0,0,0,0,0.000597372,0,0,0,0,0.001194743,0,0.000597372,0,0,0,0,0,0,0,0,0,0,0.015531661,0.010752688,0.001642772,0.0010454,0,0,0,0,0,0,0,0,0,0,0,0,0,0,0,0.000597372,0.000746714,0.001642772,0.001344086,0,0,0,0,0,0,0,0,0,0
fy04,0,0,0,0,0,0,0,0,0,0.066002491,0,0,0.0124533,0,0,0.00373599,0,0.01992528,0,0,0,0,0,0,0,0,0,0.02366127,0,0,0.00871731,0,0.02117061,0,0.00871731,0,0,0.00373599,0,0,0.0124533,0,0,0,0,0,0,0,0,0.00622665,0,0,0,0,0,0,0,0,0,0,0,0,0,0,0,0,0,0,0,0,0,0,0,0,0,0,0,0,0,0,0,0,0,0,0,0,0,0,0,0,0,0,0,0,0,0,0,0,0
fy06,0.000137301,0,0,0,0.000102976,0.000308928,0.000549205,0,0.000652181,0.006144235,0.000858133,0,0.000652181,0.000480555,0.000205952,0.000617856,0,0.000720832,0.000549205,0,0,0,0,0.000308928,0,0,0.000137301,0.002231147,0,0,0.000308928,0,0.000892459,0,0.002883328,0.001510315,0.000343253,0.000446229,0.000308928,0.000480555,0.001338688,0,0,0,0,0.000446229,0,0.000137301,0.000137301,0.001132736,0,0,0,0,0,0,0,0,0,0,0,0,0,0,0.000240277,0.000240277,0.000274603,0.000171627,0,0,0,0,0,0,0,0,0,0,0,0,0,0,0,0,0,0.000205952,0,0,0,0,0,0,0,0.000240277,0.00051488,0.000102976,0,0,0.000308928
g1,0,0,0,0,0,0,0,0,0,0.029164607,0.000741473,0,0,0,0,0,0,0.001482946,0,0,0,0,0,0,0,0,0,0.005684627,0,0,0,0,0,0,0.012605042,0,0,0,0,0,0,0,0,0,0,0,0,0,0,0,0,0,0,0,0,0,0,0,0,0,0,0,0,0,0,0,0,0,0,0,0,0,0,0,0,0,0,0,0,0,0,0,0,0,0,0,0,0,0,0,0,0,0,0,0,0,0,0,0
g3,0,0,0,0,0,0,0,0,0,0.037688442,0,0,0,0,0,0,0,0,0,0,0,0,0,0,0,0,0,0,0,0,0,0,0,0,0,0,0,0,0,0,0,0,0,0,0,0,0,0,0,0,0,0,0,0,0,0,0,0,0,0,0,0,0,0,0,0,0,0,0,0,0,0,0,0,0,0,0,0,0,0,0,0,0,0,0,0.001196458,0,0,0,0,0,0,0,0,0,0,0,0,0
g4,0.009643549,0,0,0.00040557,0.00027038,0.001396963,0.001306836,0,0.00815646,0.036230904,0.012031905,0.00013519,0.011986842,0.000991393,0.00788608,0.001892659,0,0.043576225,0.009102789,0.012662791,0.008066333,0,0,0.00081114,0,0.004461268,0.001532153,0.01550178,0.017754946,0,0.004506331,0,0.002748862,0.004235952,0.016898743,0.041638502,0.010319499,0.010274436,0.000856203,0.002163039,0.011806588,0.00067595,0.001442026,0.000630886,0,0.009778739,0.004100762,0.009643549,0.001532153,0.012347348,0.004145825,0.009373169,0,0,0,0,0,0,0,0,0,0,0,0,0.000180253,0.000180253,0.009913929,0.005497724,0,0,0,0,0,0,0,0,0,0,0,0,0,0.002117976,0,0.003920508,0,0.031724573,0,0.003019242,0,0,0.010725069,0,0.037627867,0,0.018430895,0.010815195,0,0,0.001396963
hcp,0.000447615,1.46E-05,0,0,0.00018975,0.000111904,1.95E-05,2.92E-05,2.43E-05,0.001775862,0.000238403,0,0.000681153,0.000330846,0.000418422,0.00019948,0,0.001454747,0.000364903,7.30E-05,0,0,0,0.000243269,0,0.000204346,0.000505999,0.001211478,0,0,0.001089844,0.000107038,0.000218942,0.00155692,0.00110444,4.87E-05,0.000364903,0.000379499,0.000321115,0.000311384,0.000890364,4.38E-05,4.87E-05,2.92E-05,3.89E-05,0.000379499,0.000257865,0.000447615,0.000505999,0.001114171,0.000223807,0.000277326,7.30E-05,0,0,0,0,0,0,0,0,0,0,0,0.000214077,0.000204346,0.000831979,0.000535191,6.32E-05,3.89E-05,1.46E-05,0,0,0,0,0,0,0,2.43E-05,1.46E-05,0,0.000729806,0,0,0,0.000856306,1.46E-05,0,0,0,3.89E-05,0,0.000102173,0.000121634,5.35E-05,6.81E-05,0,9.73E-05,0.000111904
i1,0,0,0,0,0,0,0.002764067,0,0.0005923,0.023889437,0.005528134,0,0.003948667,0,0,0,0,0.0029615,0.001382034,0,0,0,0,0,0,0,0,0,0,0.000987167,0,0,0.001579467,0,0.004540967,0,0,0,0,0,0.0023692,0,0,0,0,0,0,0,0,0,0,0,0,0,0,0,0,0,0,0,0,0,0,0,0,0,0,0,0,0,0,0,0,0,0,0,0,0,0,0,0,0,0,0,0,0.0023692,0,0,0,0,0,0,0,0,0,0,0,0,0
monitoring,0,0,0,0,0,0,0,0,0,0.000715251,0.00619884,0,0,0,0,0,0,0.002543114,0,0,0,0,0,0,0,0,0,0.000238417,0,0,0,0,0,0,0,0,0,0,0,0,0,0,0,0,0,0,0,0,0,0,0,0,0,0,0,0,0,0,0,0,0,0,0,0,0,0,0.00206628,0.001112612,0.000238417,0,0,0,0,0,0,0,0,0,0,0,0,0,0,0,0,0,0,0.000238417,0,0,0,0,0,0,0,0,0,0,0
radio-tag,0,0,0,0,0,0,0,0,0,0.018690416,0,0,0,0,0,0,0,0.000501756,0,0,0,0,0,0,0,0,0,0,0,0,0,0,0,0,0.00526844,0,0,0,0,0,0,0,0,0,0,0,0,0,0,0,0,0,0,0,0,0,0,0,0,0,0,0,0,0,0,0,0,0,0,0,0,0,0,0,0,0,0,0,0.000752634,0,0,0,0,0,0,0,0,0,0,0,0,0,0,0,0,0,0,0,0
rare,0,0,0,0,0,0,0,0,0,0.001213101,0,0,0,0,0,0,0,0,0.004448039,0,0,0,0,0,0,0,0,0,0,0,0,0,0,0,0,0,0,0,0,0,0,0,0,0,0,0,0,0,0,0,0,0,0,0,0,0,0,0,0,0,0,0,0,0,0.002021836,0.003639304,0,0,0,0,0,0,0,0,0,0,0,0,0,0,0,0,0,0,0,0,0,0,0,0,0,0,0,0,0,0,0,0,0
razorback,0,0.001530808,0,0,0,0,0,0,0,0.135859166,0,0,0,0,0,0,0,0,0,0,0,0,0,0,0,0,0,0.009184845,0,0,0,0,0,0,0.076157673,0,0,0,0,0.001148106,0.002678913,0,0.001148106,0.003827019,0,0,0,0,0,0,0,0,0,0,0,0,0,0,0,0,0,0.001148106,0,0,0,0,0,0,0,0,0,0,0,0,0,0,0,0,0.006505932,0,0,0,0,0,0,0.002296211,0,0,0,0,0,0,0.003061615,0.00612323,0.009950249,0.008036739,0,0,0
relict,0,0,0,0,0,0,0,0,0,0.002128008,0,0.000818465,0,0.011458504,0,0,0,0.007038795,0.000654772,0,0,0,0,0,0,0,0,0.001309543,0,0.003437551,0,0,0.000654772,0,0,0,0,0,0,0,0,0,0,0,0,0,0,0,0,0,0,0,0,0,0,0,0,0,0,0,0,0,0,0,0,0,0,0,0,0,0,0,0,0,0,0,0,0,0,0,0,0,0,0.004092323,0,0,0,0,0,0,0,0,0.009166803,0.003273858,0,0,0,0.004747094,0
species,0.001630807,5.56E-05,0,0.000315042,0.000259447,7.41E-05,0.000203851,0,0.000593021,0.012286651,0.001834658,0.000277979,0.00409555,0.001741999,0.002038509,0.000648617,0,0.004781231,0.001260169,0.001260169,0.000315042,0,0.000315042,0.000259447,0.000111191,0.000741276,0.001482552,0.00643057,7.41E-05,0.000611553,0.001593744,9.27E-05,0.001371361,0.001593744,0.009988696,0,0.004299401,0.003947295,0.000537425,0.000889531,0.003521062,0,0,5.56E-05,5.56E-05,0.00350253,0.00107485,0.001630807,0.001482552,0.004929486,0.00116751,0.00077834,0,0,5.56E-05,0,0.000129723,5.56E-05,0,0,0.00029651,0,0,0,0.00029651,0.00029651,0.006967995,0.004799763,0.000815404,0.000630085,0.000222383,5.56E-05,0,0,0,0,0,0,0.000889531,0.000667148,0,0.000963659,5.56E-05,0.000759808,0.000555957,0.006226719,0.000240915,0.000426234,0.000203851,0.000259447,0.001297233,0.000148255,0.002779785,0.001278701,0.001352829,0.001352829,0.000370638,0.002297956,7.41E-05
