project,woodpecker,parasite,butterfly,rodent,mouse,seed,mammal,weed,avian,fish,bird,amphibian,bat,frog,rat,insect,mussel,vegetation,plant,tree,shrub,veligers,pikeminnow,sootywing,bacteria,tanager,warbler,willow,quailbush,cedar,mesquite,arrowweed,cottonwood,cottonwood-willow,razorback,rasu,flannelmouth,yellow-billed,humpback,chub,bonytail,rainbow,trout,catfish,bass,cuckoo,owl,woodpecker,warbler,flycatcher,flicker,vireo,quail,blackbird,starling,dove,migrants,waterbirds,shorebirds,phytoplankton,zooplankton,plankton,cladoceran,cyanobacteria,milkvetch,buckwheat,rail,clapper,bulrush,cattail,phragmites,myotis,parastrellus,eptesicus,antrozous,tadarida,nyctinomops,eumops,xyrauchen,empidonax,coccyzuz,saltcedar,saltgrass,tamarisk,catostomus,gila,laterallus,rallus,ixobrychus,colaptes,sigmodon,deciduous,adult,juvenile,larvae,larval,breeder,eggs,seed,parasite
abiotic,1.089621,0,0,0,0,0,0,0,0,1.634432,0.817216,0,2.724053,0,0,2.996459,0,0.817216,11.71343,2.179243,0,0,0,0,0,0,1.089621,0.817216,0,0,0,0,1.906837,0,0,0,0,0,0,0,0,0,0,0,0,0,0,1.089621,1.089621,1.634432,0,0,0,0,0,0,0,0,0,0,0,0,0,0,0,0,0,0,0,0,0,0,0,0,0,0,0,0,0,0,0,0,0,0,0,2.179243,0,0,0,0,0,0,0,0,0,0,0,0,0,0
b1,0,0,0,0,0,0,0,0,0,8.110848,0,0,0,0,0,0,0,0,0,0,0,0,0,0,0,0,0,1.351808,0,0,0,0,0,0,1.68976,3.37952,0,0,0,0,0,0,0,0,0,0,2.703616,0,0,0,0,0,0,0,0,0,0,0,0,0,0,0,0,0,0,0,0,0,0,0,0,0,0,0,0,0,0,0,1.013856,0,0,0,0,0,0,0,0,0,0,0,0,0,3.041568,0,12.166272,6.75904,0,0,0,0
bhco,0.972101,0,0,0,0,0,0,0,0.518454,0.421244,0.58326,0,0,0,0,0,0,0.453647,0,0,0,0,0,0,0,0,2.462655,1.976605,0,0,0.421244,0,0.324034,0,0,0,0,0,0,0,0,0,0,0,0,0,0,0.972101,2.462655,2.657075,0,1.522958,0.356437,0.324034,0,1.717378,1.101714,0,0,0,0,0,0,0,0,0,0,0,0,0,0,0,0,0,0,0,0,0,0,0,0,0.421244,0,0,0,0.19442,0,0,0,0,0,0,0,0,0,0,0,2.171025,0,0
c10,0,0,0,0,0,0,0,0,0,54.062751,0,0,0,0,0,0,0,0,0,0,0,0,0,0,0,0,0,0,0,0,0,0,0,0,21.078037,0,0,0,0,0,0,0,0,0,0,0,0,0,0,0,0,0,0,0,0,0,0,0,0,0,0,0,0,0,0,0,0,0,0,0,0,0,0,0,0,0,0,0,1.60901,0,0,0,0,0,0,3.218021,0,0,0,0,0,0,0.965406,0,0,0,0,0,0,0
c11,0,0,0,0,0,0,0,0,0,235.415591,0,0,0,0,0,0,0,0,1.548787,0,0,0,0,0,0,0,0,0,0,0,0,0,0,0,9.292721,0,0,0,0,5.162623,129.581828,13.422819,16.520392,2.065049,7.227672,0,0,0,0,0,0,0,0,0,0,0,0,0,0,0,0,0,0,0,0,0,0,0,0,0,0,0,0,0,0,0,0,0,0,0,0,0,0,0,0,25.813113,0,0,0,0,0,0,0,13.939081,1.548787,4.64636,0,0,0,0
c12,0,0,0,0,0,0,0,0,0,51.623084,0,0,0,0,0,0,0,0,0,0,0,0,0.180343,0,0,0,0,7.348963,0,0,0,0,2.028855,0,33.092876,0,0,0,0.180343,0.180343,0.721371,0,0.405771,0.766456,5.680794,0,0.225428,0,0,0,0,0,0,0,0,0,0,0,0,0,0,0,0,0,0,0,0,0,0,0,0,0,0,0,0,0,0,0,1.487827,0,0,0,0,0,0,0.721371,0,0,0,0,0,0,7.033363,0.811542,0.721371,0.3156,0,0,0,0
c13,0,0,0,0,0,0,0,0,0,102.450822,0,0,0,0,0,0,0,0,0,0,0,0,0,0,0,0,0,0,0,0,0,0,0,0,119.155111,0,0,0,0,0,0,0,0,0,0,0,0,0,0,0,0,0,0,0,0,0,0,0,0,0,0,0,0,0,0,0,0,0,0,0,0,0,0,0,0,0,0,0,2.289584,0,0,0,0,0,0,0,0,0,0,0,0,0,0,0,0,29.216382,0,0,0,0
c14,0,1.182033,0,0,0,0,0,0,0,79.491726,0,0,0,0,0,0,0,0,0,0,0,0,0,0,2.068558,0,0,5.614657,0,0,0,0,0,0,0,0,0,0,39.3026,39.3026,0,0,0,0,0,0,0,0,0,0,0,0,0,0,0,0,0,0,0,0,0,0,0,0,0,0,0,0,0,0,0,0,0,0,0,0,0,0,0,0,0,0,0,0,0,14.775414,0,0,0,0,0,0,2.659574,0.886525,2.955083,0.886525,0,0,0,1.182033
c15,0,0,0,0,0,0,0,0,0,27.153558,0,0,0,0,0,0,0,0,0,0,0,0,0,0,0,0,0,0.468165,0,0,0,0,0,0,2.247191,0,31.367041,0,0,0.374532,0.374532,0,0,0,0,0,0,0,0,0,0,0,0,0,0,0,0,0,0,0,0,0,0,0,0,0,0,0,0,0,0,0,0,0,0,0,0,0,0.561798,0,0,0,0,0,0.655431,1.498127,0,0,0,0,0,0,4.213483,4.681648,4.213483,3.277154,0,0,0,0
c16,0,0,0,0,0,0,0,0,0,10.822273,0,0,0,0,0,0,0,0,0,0,0,0,0,0,0,0,0,0.584988,0,0,0,0,0.676392,0,0.127966,0,0,0,0,0.182809,8.592008,0.0914,0,0,0.0731,0,0,0,0,0,0,0,0,0,0,0,0,0,0,0,0,0,0,0,0,0,0,0,0,0,0,0,0,0,0,0,0,0,0,0,0,0,0,0,0,0.438741,0,0,0,0,0,0,0.109685,0.329056,0.0914,0.0731,0,0,0,0
c17,0,0,0,0,0,0,0,0,0,13.991674,0,0,0,0,0,0,0,0.346901,0,0,0,0,0,0,0,0,0,0,0,0,0,0,0,0,23.704903,0,0,0,0,0,0,0,0,2.081406,2.312673,0,0,0,0,0,0,0,0,0,0,0,0,0,0,0,0,0,0,0,0,0,0,0,0,0,0,0,0,0,0,0,0,0,1.387604,0,0,0,0,0,0,0,0,0,0,0,0,0,2.543941,1.040703,0.462535,5.087882,0,0.462535,0,0
c19,0,0,0,0,0,0,0,0,0,0.617284,0,0,0,0,0,0,0,0,0,0,0,0,0,0,0,0,0,5.555556,0,0,0,0,0,0,0,0,0,0,0,0,0,0,0,0,0,0,0,0,0,4.115226,0,0,0,0,0,0,1.028807,0,0,0,0,0,0,0,0,0,0,0,0,0,0,0,0,0,0,0,0,0,0,0.823045,0,0,0,0,0,0,0,0,0,0,0,0,0,0,0,0,0,0,0,0
c21,0,0,0,0,0,0,0,0,0.619259,1.238518,1.444938,0,0,0,0,0,0,0,0,0.516049,0,0,0,0,0,0,0,0.516049,0,0,0.309629,0,0,0,0,0,0,2.889875,0,0,0,0,0,0,0,4.334813,0,0,0,0.309629,0,0,0,0,0,0,0,0,0,0,0,0,0,0,0,0,0,0,0,0,0,0,0,0,0,0,0,0,0,0,0,0,0,0,0,0,0,0,0,0,0,0,1.238518,0,0,0,0,1.032098,0,0
c22,0.715564,0,0,0,0,0,0,0.434449,0.178891,0.408893,1.610018,0,0,0,0,0,0,0.741119,0.0767,0.281114,0,0,0,0,0,0.255558,0.61334,1.993355,0,0,1.047789,1.124457,2.070023,0.102223,0,0,0,9.097879,0,0,0,0,0,0,0,9.58344,0.30667,0.715564,0.61334,0.511117,0,0.255558,0.255558,0.408893,0.0767,0.664452,0,0,0,0,0,0,0,0,0,0,0,0,0,0,0,0,0,0,0,0,0,0,0,0.153335,0,0,0,3.347815,0,10.375671,0,0,0.102223,0,0,0,0,0,0,0,0,0,0,0
c23,0,0,0,0,0,0,0,0,0,16.039236,0,0,0,0,0,0,0,0,0,0,0,0,0,0,0,0,0,0,0,0,0,0,0,0,8.549841,0,0.596501,0,0,0,0,0,0,0,0.198834,0,0,0,0,0,0,0,0,0,0,0,0,0,0,0,0,0,0,0,0,0,0.265111,0,0,0,0,0,0,0,0,0,0,0,0.198834,0,0,0,0,0,0,0,0,0,0,0,0,0,0.729056,0,0.198834,0,0,0,0,0
c24,0,0,0,0,0,0,0,0,0,2.000586,3.415634,0,0,0,0,0,0,16.736606,3.122865,0,0.146384,0,0,0,0,0,0,1.02469,0,0,1.073485,0,0.683127,1.073485,0,0,0,4.489119,0,0,0,0,0,0,0,9.466185,0,0,0,0.536742,0,0,0,0,0,0,0,0,0,0,0,0,0,0,0,0,0,0,0,0,0,0,0,0,0,0,0,0,0,0,0,1.317459,0,0,0,0.487948,0,0,0,0,0,0,0,0,0,0,0,0,0,0
c25,0,0,0,0,0,0,0,0,0,17.46409,0,0,0,0,0,0,0,0,0,0,0,0,0,0,0,0,0,0,0,0,0,0,0,0,0,0,0,0,0,0,0,0,0,0,0,0,0,0,0,0,0,0,0,0,0,0,0,0,0,0,0,0,0,0,0,0,0,0,0,0,0,0,0,0,0,0,0,0,0,0,0,0,0,0,0,1.860081,0,0,0,0,0,0,0,0,0,0,0,0,0,0
c26,0,0,0,0,0,0,0,0,0,34.440719,0.304785,0,0,0,0,0,0,0,0,0,0,0,0,0,0,0,0,0,0,0,0,0,0,0,13.816926,0,0,0,0,0,0,0,0,0.40638,0.60957,0,0,0,0,0,0,0,0,0,0,0,0,0,0,0,0,0,0,0,0,0,0,0,0,0,0,0,0,0,0,0,0,0,0.81276,0,0,0,0,0,0,0.40638,0,0,0,0,0,0,0,0,0.40638,0,0,0,0,0
c27,0,0,0,0,0,0,0,0,0,1.93216,0,0,0,0,18.46286,0,0,0,0,1.717475,0,0,0,0,0,0,0,0,0,0,0,0,0,0,0,0,0,0,0,0,0,0,0,0,0,0,0,0,0,0,0,0,0,0,0,0,0,0,0,0,0,0,0,0,0,0,0,0,0,0,0.644053,0,0,0,0,0,0,0,0,0,0,0,0,0,0,1.288106,0,0,0,0,36.925719,0,0,0,0,0,0,0,0,0
c28,0,0,0,0.770794,0,0,0,0,0.910938,0.350361,1.121155,0,0,0,0,0,0,1.541588,0,1.051083,0,0,0,0,0,0,1.681732,7.007217,0,0,6.726929,0,0.98101,0,0,0,0,0,0,0,0,0,0,0,0,0,0.17518,0,1.681732,4.6598,0,0.315325,0.490505,0,0,0,0,0,0,0,0,0,0,0,0,0,0,0,0,0,0,0,0,0,0,0,0,0,0,0.210217,0,0,0,0.80583,0,1.051083,0,0,0,0,0,0,0.280289,0,0,0,0,6.761965,0,0
c29,0,0,0,0,0,0,0,0,0,9.11577,0,0,0,0,0,0,0,0,0,0,0,0,0,0,0,0,0,13.331814,0,0,0,0,0,0,7.292616,0,0,0,0,0,0,0,0,0,0,0,0,0,0,0,0,0,0,0,0,0,0,0,0,0,0,0,0,0,0,0,0,0,0,0,0,0,0,0,0,0,0,0,0,0,0,0,0,0,0,0,0,0,0,0,0,0,0,0,0,0,0,0,0,0
c2,0,0,0,0,0,0,0,0,0,4.043503,0,0,0,0,0,0,0,0.976018,9.760178,0,0,0,0,0,0,0,0,0,0,0,0,0,0,0,0,0,0,0,0,0,0,0,0,0,0,0,0,0,0,0,0,0,0,0,0,0,0,0,0,0,0,0,0,0,36.391523,35.554936,0,0,0,0,0,0,0,0,0,0,0,0,0,0,0,0,0,0,0,2.230898,0,0,0,0,0,0,0,0,0,0,0,0,0,0
c30,0,0,0,0,0,0,0,0,0,15.644643,0,0,0,0,0,0,10.057271,0,0,0,0,18.438329,0,0,0,0,0,2.654002,0,0,0,0,0,0,1.117475,0,0,0,0,0,1.117475,2.374633,3.073055,0,0,0,0,0,0,0,0,0,0,0,0,0,0,0,0,0,0,0.419053,0,0,0,0,0,0,0,0,0,0,0,0,0,0,0,0,0,0,0,0,0,0,0,0.838106,0,0,0,0,0,0,0,0,2.234949,1.117475,0,0,0,0
c31,0,0,0,0,0,0,0,0,0,2.436054,0,0,0,0,0,0,0,0,0,0,0,0,0,0,0,0,0,0,0,0,0,0,0,0,4.5676,0,0,0,0,0,0,0,0.91352,0,0,0,0,0,0,0,0,0,0,0,0,0,0,0,0,0,0,0,0,0,0,0,0,0,0,0,0,0,0,0,0,0,0,0,0.91352,0,0,0,0,0,0,4.263094,0,0,0,0,0,0,3.958587,0,6.090134,3.958587,0,0,0,0
c32,0,0,0,0,0,0,0,0,0,0,0,0,0,0,0,0,0,0,0,0,0,0,0,0,0,0,0,0,0,0,0,0,0,0,13.064133,0,0,0,0,0,0,0,0,0,0,0,0,0,0,0,0,0,0,0,0,0,0,0,0,0,0,0,0,0,0,0,0,0,0,0,0,0,0,0,0,0,0,0,0.678656,0,0,0,0,0,0,0,0,0,0,0,0,0,0,0,13.233797,20.699016,0,8.652867,0,0
c33,0,0,0,0,0,0,0,0,0,15.533839,0,0,0,0,0,0,0,0,0,0,0,0,0,0,0,0,0,0,0,0,0,0,0,0,16.554842,0,0.291715,0,0,0,0.510502,0,0,0,0.218786,0,0,0,0,0,0,0,0,0,0,0,0,0,0,0,0,0,0,0,0,0,0,0,0,0,0,0,0,0,0,0,0,0,1.23979,0,0,0,0,0,0,0.437573,0,0,0,0,0,0,0.364644,0,0,0.437573,0,0,0,0
c34,0,0,0,0,0,0,0,0,0,7.905138,0,0,0,0,0,0,0,0,0,0,0,0,0,0,0,0,0,1.15685,0,0,0,0,0,0,2.988528,0,0,0,0,0.289212,1.060445,0,0,0,0,0,0,0,0,0,0,0,0,0,0,0,0,0,0,0,8.676371,0.289212,0.482021,0,0,0,0,0,0,0,0,0,0,0,0,0,0,0,0,0,0,0,0,0,0,0.385617,0,0,0,0,0,0,0.289212,1.15685,1.15685,0.482021,0,0,0,0
c35,0,0,0,0,0,0,0,0,0,0.727397,0,0,26.485816,0,0,0,0,1.839887,0,10.397501,0,0,0,0,0,0,0,0.385093,0,0,0.128364,0,3.294681,0,0,0,0,0,0,0,0,0,0,0,0,0,0,0,0,0,0,0,0,0,0,0,0,0,0,0,0,0,0,0,0,0,0,0,0,0,0,0.171152,0,0,0,0,0,0,0,0,0,0,0,0.256728,0,0.256728,0,0,0,0,0,0.342305,0,0,0,0,0,0,0,0
c36,0,0,0,0,0,0,0,0,0,0.666963,6.44731,0,0,0,0,0,0,1.556247,0,0,0,0,0,0,0,0,0,0,0,0,1.111605,0,0,0,0,0,0,0,0,0,0,0,0,0,0,0,20.898177,0,0,0,0,0,0,0,0,0,0,0,0,0,0,0,0,0,0,0,0,0,0,0,0,0,0,0,0,0,0,0,0,0,0,0,0,0,0,0,0,0,0,0,0,0,0,0,0,0,0,0,0,0
c37,0,0,0,0,0,0.130497,0,0,0.104398,0.44369,0.365392,0,0,0,0,0,0,4.6718,0.391492,0.44369,0,0,0,0,0,0,0,2.557745,0,0,0.365392,0,0.287094,0,0,0,0,2.192353,0,0,0,0,0,0,0,2.192353,0,0,0,2.218452,0,0,0,0,0,0,0,0,0,0,0,0,0,0,0,0,0,0,0,0,0,0,0,0,0,0,0,0,0,0.0783,0,0.600287,0,0,0,0.156597,0,0,0,0,0,0,0,0,0,0,0,0.0783,0.130497,0
c38,0,0,0,0,0,0,0,0,0,10.173913,0,0,0,0,0,0,0,0,0,0,0,0,0,0,0,0,0,12.26087,0,0,0,0,0,0,1.913043,0,0,0,0,0,0,0,0,0,0,0,0,0,0,0,0,0,0,0,0,0,0,0,0,0,0,0,0,0,0,0,0,0,0,0,0,0,0,0,0,0,0,0,0,0,0,0,0,0,0,0,0,0,0,0,0,0,0,0.782609,0,0,0,0,0,0
c39,0,0,0,0,0,0,0,0,27.237354,4957.198444,0,0,0,0,0,0,0,140.077821,15.564202,0,0,0,0,0,0,0,0,0,0,15.564202,0,0,0,0,225.680934,0,0,0,15.564202,23.346304,3178.988327,0,0,58.365759,155.642023,0,0,0,0,0,0,0,0,0,0,0,0,0,0,0,0,0,0,0,0,0,0,0,0,509.727626,0,0,0,0,0,0,0,0,70.038911,0,0,0,0,0,0,233.463035,0,0,0,0,0,0,54.474708,19.455253,0,0,0,0,0,0
c3,0.341511,0,0,0.0996,0.0569,0.0356,0.0854,0,0.0854,3.208777,1.245091,0.0996,1.28778,0.604758,0.241903,0.0925,0,0.690136,0.227674,0.149411,0.0498,0,0.0569,0.0356,0.0356,0.128066,0.270363,0.327281,0.0569,0.249018,0.305937,0.0356,0.249018,0.206329,2.148671,0,0.789743,0.0996,0.398429,0.227674,0.576299,0,0.0213,0.0356,0,0.0925,0.35574,0.341511,0.270363,0.199215,0.377085,0.0996,0,0,0,0,0.0213,0,0,0,0.064,0,0,0,0.120952,0.142296,0.647447,0.747054,0.142296,0.142296,0.0213,0.0356,0,0,0,0,0,0,0.277477,0.0213,0,0,0,0.0427,0.149411,1.992145,0.0711,0.0711,0.0498,0.120952,0.512266,0.0427,0.697251,0.35574,0.291707,0.348625,0,0.540725,0.0356,0
c40,0,0,0,0,0,0,0,0,0,1.718213,0,0,0,0,0,0,0,0,0,0,0,0,0,0,0,0,0,0,0,0,0,0,0,0,4.725086,0,0,0,0,0,0,0,0,0,0,0,0,0,0,0,0,0,0,0,0,0,0,0,0,0,0,0,0,0,0,0,0,0,0,0,0,0,0,0,0,0,0,0,1.28866,0,0,0,0,0,0,0,0,0,0,0,0,0,1.718213,4.725086,12.457045,1.28866,0,0,0,0
c42,0,0,0,0,0,5.919186,0,0.244594,0,0.587027,0,0,0,0,0,0,0,2.837296,0,1.369729,0,0,0,0,0,0,0,2.054593,0,0,0,0.733783,1.467567,0,0,0,0,0,0,0,0,0,0,0,0,0,0,0,0,0,0,0,0,0,0,0,0,0,0,0,0,0,0,0,0,0,0,0,0,0,0,0,0,0,0,0,0,0,0,0,0,0,0,0,0,0.293513,0,0,0,0,0,0,0,0,0,0,0,0,5.919186,0
c43,0,0,0,0,0,0,0,0,0,1.347709,0,0,6.289308,0,0,0,0,0,0,0.673854,0,0,0,0,0,0,0,0,0,0,0,0,0,0,0,0,0,0,0,0,0,0,0,0,0,0,0,0,0,0,0,0,0,0,0,0,0,0,0,0,0,0,0,0,0,0,0,0,0,0,0,0,0,0,0,0,0,0,0,0,0,0,0,0,0,0.898473,0,0,0,0,0,0,0,0,0,0,0,0,0,0
c44,0,0,0,0,0,0,0,0,0,10.324015,0,0,0,0,0,0,0,0,0,0,0,0,0,0,0,0,0,3.17662,0,0,0,0,0,0,1.905972,0,0,0,0,0,0,0,0,0,1.270648,0,0,0,0,0,0,0,0,0,0,0,0,0,0,3.970775,7.147395,2.382465,0,0.635324,0,0,0,0,0,0,0,0,0,0,0,0,0,0,0,0,0,0,0,0,0,0.635324,0,0,0,0,0,0,0.635324,0,2.700127,0,0,0,0,0
c46,0,0,0,0,0,0,0,0,0,14.498934,0,0,0,0,0,0,0,0,0,0,0,0,0,0,0,0,0,0.319829,0,0,0,0,0,0,7.142857,0,0,0,0,0,9.594883,0.426439,0.533049,0,0.319829,0,0,0,0,0,0,0,0,0,0,0,0,0,0,0,0,0,0,0,0,0,0,0,0,0,0,0,0,0,0,0,0,0,0,0,0,0,0,0,0,0.852878,0,0,0,0,0,0,0,0,0,0,0,0,0,0
c47,0,0,0,0,0,0,0,0,0,5.038824,0,0,0,0,0,0,0,0,0,0,0,0,6.195275,0,0,0,0,0,0,0,0,0,0,0,0.413018,0,0,0,0,1.404262,10.986288,0,0,0,0,0,0,0,0,0,0,0,0,0,0,0,0,0,0,0,0,0,0,0,0,0,0,0,0,0,0,0,0,0,0,0,0,0,0,0,0,0,0,0,0,1.982488,0,0,0,0,0,0,1.899884,0,0,0,0,0,0,0
c48,0,0,0,0,0,0,0,0,0,47.697368,0,0,0,0,0,0,0,0,0,0,0,0,0,0,0,0,0,0,0,0,0,0,0,0,55.921053,0,0,0,0,0,0,0,0,0,0,0,0,0,0,0,0,0,0,0,0,0,0,0,0,0,0,0,0,0,0,0,0,0,0,0,0,0,0,0,0,0,0,0,42.763158,0,0,0,0,0,0,0,0,0,0,0,0,0,0,0,0,6.578947,0,0,0,0
c4,0,0,0,0,0,0,0,0,0,5.35424,0,1.33856,0,18.739841,0,0,0,11.855818,0,0,0,0,0,0,0,0,0,2.294674,0,2.199063,0,0.286834,0,0,0,0,0,0,0,0,0,0,0,0,0,0,0,0,0,0,0,0,3.442012,0,0,0,0,0,0,0,0,0,0,0,0,0,0,0,0,0.286834,0.573669,0,0,0,0,0,0,0,0,0,0,0,0,1.051726,0,0.956114,0,0,0,0,0,0,12.333875,13.098767,6.788412,0,0,4.398126,0,0
c51,0,0,0,0,0,0,0,0,0.629644,1.259287,2.518574,0,0,0,0,0,0,1.00743,0,0,0,0,0,0,0,0,0,1.133359,0,0,2.266717,0,0.377786,2.140788,0,0,0,0.629644,0,0,0,0,0,0,0,0.503715,0,0,0,2.266717,0,0,0,0,0,0,0,0,0,0,0,0,0,0,0,0,0,0,0,0,0,0,0,0,0,0,0,0,0,0,0,0,0,0,0,0,0,0,0,0,0,0,0,0,0,0,0,0,0,0
c52,0,0,0,0,0,0,0,0,0,1.809627,7.781397,0,0,0,0,0,0,1.99059,0,0,0,0,0,0,0,0,0,0,0,0,0,0,0,1.809627,0,0,0,0.904814,0,0,0,0,0,0,0,0.723851,0,0,0,0,12.938835,0,0,0,0,0,0,0,0,0,0,0,0,0,0,0,0,0,0,0,0,0,0,0,0,0,0,0,0,0,0,0,0,0,0,0.542888,0,0,0,3.619254,0,0,1.266739,0.361925,0,0,0,0.995295,0,0
c57,0,0,0,0,0,0,0,0,0,11.174333,0,0,0,0,0,0,0,0.856927,0,0,0,0,0,0,0,0,0,0,0,0,0,0,0,0,31.706314,0,0,0,0.411325,0.377048,0,0.205663,0.411325,0.82265,1.988072,0,0,0,0,0,0,0,0,0.137108,0,0,0,0,0,0,0,0,0,0,0,0,0,0,0,0,0,0,0,0,0,0,0,0,0.514156,0,0,0.171385,0,0,0,0.411325,0,0,0,0,0,0,1.850963,22.828546,0.171385,0.205663,0,0,0,0
c5,2.239015,0,0,0,0,0,0,0,0,3.358522,1.399384,0,5.597537,0,0,15.11335,0,1.119507,8.116429,0,0,0,0,0,0,1.119507,2.239015,8.676182,0,0,2.239015,9.235936,5.31766,0,0,0,0,1.119507,0,0,0,0,0,0,0,1.119507,0,2.239015,2.239015,4.47803,1.119507,0,0,0,0,0,0,0,0,0,0,0,0,0,0,0,0,0,0,0,0,0,0,0,0,0,0,0,0,0,0,0,0,1.679261,0,4.47803,0,0,0,0,0,0,1.399384,0,0,0,0,0,0,0
c62,0,0,0,0,0,0,0,0,0,2.531063,0,0.920387,0,0.920387,0,0,0,1.610676,0,0,0,0,0,0,0,0,0,0,0,0,0,0,0,0,0,0,0,0,0,0,0,0,0,0,0,0,0,0,0,0,0,0,0,0,0,0,0,0,0,0,0,0,0,0,0,0,0,0,0,0,0,0,0,0,0,0,0,0,0,0,0,0,0,0,0,0,0,0,0,0,0,0,0,0,0,0,0,0.69029,0,0
c64,0,0,0,0,0,0,0,0,0.527157,22.463694,1.071319,0,0,0,0,0,0,0.238071,0,0,0,0,0,0,0,0,0,0,0,0,0,0,0,0,0.442132,0,0.051,0,0.068,0,7.176138,0.051,0.068,0.119035,0.272081,0,0,0,0,0,0,0,0,0,0,0,0,0,0,0,0,0,0,0,0,0,0,0,3.349998,0.306091,0,0,0,0,0,0,0,0,0.085,0,0,0,0,0,0,0.272081,0,0,0,0,0,0,0.051,0.051,0,0,0,0,0,0
c7,0,0,3.663004,0,0,0,0,0,0,5.494505,0,0,0,0,0,1.526252,0,0,28.083028,0,1.831502,0,0,15.873016,0,0,0,0,0,0,2.747253,1.221001,0,0,0,0,0,0,0,0,0,0,0,0,0,0,0,0,0,0,0,0,10.07326,0,0,0,0,0,0,0,0,0,0,0,0,0,0,0,0,0,0,0,0,0,0,0,0,0,0,0,0,0,0,1.831502,0,2.442002,0,0,0,0,0,0,2.442002,0,7.326007,2.136752,0,5.799756,0,0
c8,0,0.543237,0,0,0,0,0,0,3.555731,30.026174,0,0,0,0,0,0,0,0,0,0,0,0,0,0,0,0,0,0,0,0,0,0,0,0,18.124352,0,0,0,0,0,0,0,0,3.111265,2.074177,0,0,0,0,0,0,0,0,0,0,0,0,0,0,0,0,0,0,0,0,0,0,0,0,0,0,0,0,0,0,0,0,0,1.432169,0,0,0,0,0,0,0.888933,0,0,0,0,0,0,0.543237,16.050175,0,0.444466,0,0,0,0.543237
chub,0,0,0,0,0,0,0,0,0,15.387265,0,0,0,0,0,0,0,0,0,0,0,0,0,0,0,0,0,2.354022,0,0,0,0,0,0,1.205719,0,0,0,1.148303,4.880289,13.262904,0.229661,0.861228,0.287076,0,0,0,0,0,0,0,0,0,0,0,0,0,0,0,0,0,0,0,0,0,0,0,0,0,0,0,0,0,0,0,0,0,0,0,0,0,0,0,0,0,1.033473,0,0,0,0,0,0,2.124361,2.583683,1.263134,0.631567,0,0.287076,0,0
d10,0,0,0,46.842105,76.315789,0,52.105263,3.157895,0,6.842105,0,0,0,0,44.736842,0,0,7.368421,1.578947,0,0,0,0,0,0,0,0,0,0,0,13.157895,0,0,6.315789,1.578947,0,0,0,0,0,1.578947,0,0,0,0,0,0,0,0,0,0,0,0,0,0,0,0,0,0,0,0,0,0,0,0,0,0,0,0,0,0,0,0,0,0,0,0,0,0,0,0,0,0,0,0,14.736842,0,0,0,0,52.631579,0,0,0,0,0,0,0,0,0
d11,0,0,0,0,0,0,0,0,0,0.205846,0,0,0,0,0,0,0,9.057225,0,0,0,0,0,0,0,0,0,0,0,0,0.205846,0,0,0,0,0,0,0,0,0,0,0,0,0,0,0,0,0,0,0,0,0,0,0,0,0,0,0,0,0,0,0,0,0,0,0,0,0,0,0,0.274461,0,0,0,0,0,0,0,0,0,0,0,0,0,0,6.724304,0,0,0,0,0,0,0,0,0,0,0,0,0,0
d12,0,0,0,0,0,0,0,0,0,7.119127,0,9.017561,0,23.01851,0,0,0,11.153299,1.423825,2.847651,3.203607,0,0,0,0,0,0,0,0,0.474608,0,0,0,0,0,0,0,0,0,0,0,0,0,0,0.949217,0,0,0,0,0,0,0,0,0,0,0,0,0,0,0,0,0,0,0,0,0,0,0,0,0,0,0,0,0,0,0,0,0,0,0,0,0,0,0,0,3.796868,0,0,0,0,0,0.355956,3.440911,0,1.186521,0,0,0.711913,0,0
d1,2.874079,0,0,0,0,0,0,0,0,48.85935,58.738998,0,0,0,0,0,0,7.724088,2.15556,1.7963,0,0,0,0,0,0.71852,10.059278,2.514819,0,0,0,0,0,0,0,0,0,0,0,0,0,0,0,0,0,0,2.514819,2.874079,10.059278,3.412969,0.89815,3.592599,0,5.209269,0,5.029639,0,1.97593,0,0,0,0,0,0,0,0,76.522364,69.157535,3.233339,3.951859,1.97593,0,0,0,0,0,0,0,0,0,0,1.7963,0,0,0,5.029639,4.131489,10.238908,8.262978,0.89815,0,0,0,0,0,0,0,0,0,0
d2,0,0,0,0,0,0,0,0,0,0,0,0,0,0,0,0,0,0,0,0,0,0,0,0,0,0,0,0,0,0,12.143151,0,0,0,0,0,0,0,0,0,0,0,0,0,0,0,0,0,0,36.804419,0,0,0,0,0,0,0,0,0,0,0,0,0,0,0,0,0,0,0,0,0,0,0,0,0,0,0,0,0,0,0,0,0,0,0,0,0,0,0,0,0,0,0,0,0,0,0,0,0,0
d5,10.670905,0,0,0,0,0,0,0,20.547168,12.487229,95.811102,0,0,0,0,0,0,17.822681,3.065047,0,0,0,0,0,0,9.762743,96.719264,16.573958,0,0,15.098195,0,9.649222,0,0,0,0,0,0,0,0,0,0,0,0,0,0,10.670905,96.719264,25.542059,0,20.887728,2.270405,0,0,0,2.156885,0,0,0,0,0,0,0,0,0,0,0,0,0,0,0,0,0,0,0,0,0,0,14.984675,0,0,0,0,0,0,0,0,0,0,0,0,0,0,0,0,0,0,0,0
d6,45.119924,0,0,0,0,0,0,0,7.44083,4.353677,101.876039,0,0,0,0,0,0,34.512784,0,11.636191,4.116204,0,0,0,0,23.668171,127.602311,22.955751,0,7.203356,9.1823,0.870735,2.453891,5.461886,0,0,0,2.928837,0,0,0,0,0,0,0,2.691364,18.443758,45.119924,127.602311,60.872319,8.944827,28.101005,0,20.739333,7.124199,26.201219,19.393652,0.791578,0.395789,0,0,0,0,0,0,0,7.519987,3.403784,0,0,0,0,0,0,0,0,0,0,0,4.59115,0,0,0,0,0,37.520779,0.474947,1.187366,0,1.266524,0,0,1.266524,0.633262,0,0,9.103143,1.899786,0,0
d7,0.981538,0,0,0,0,0,0,0,0.806263,1.26782,1.863753,0,0.0292,0,0,0.122692,0,3.791774,0.21033,1.904651,0,0,0,0,0,0.438186,2.009815,3.850199,0,0,1.758588,0.858846,2.892031,0.426502,0,0,0,14.14466,0,0,0,0,0,0,0,20.892732,0.537509,0.981538,2.009815,1.600841,0,0.555036,0.373919,0.444029,0.111007,1.115915,0.16359,0,0,0,0,0,0,0,0,0,0.373919,0.111007,0,0,0,0,0,0,0,0,0,0,0,0,0,0.0292,0,3.447067,0,3.365272,0,0,0,0,0,0,1.10423,0.321337,0,0,0,1.437252,0,0
d8,0,0,0,0,0,0,0,0,0,204.373712,0,0,0,0,0,0,0,13.624914,0,0,0,0,0.572475,0,0,0,0,0,0,0,0,0,0,0,272.727273,0,9.503091,0,1.488436,1.717426,2.518892,0,0.45798,3.320357,3.434852,0,0,0,0,0,0,0,0,2.747882,0,0,0,0,0,0,0,0,0,0,0,0,0,0,0,3.434852,0,0,0,0,0,0,0,0,40.302267,0,0,0,0,0,0.572475,4.121823,0,0,0,0,0,0,26.677353,35.149989,8.12915,39.271811,0,0.68697,0,0
d9,0,0,0,0,0,0,0,0,0,12.025316,0,0,175.949367,0,0,2.278481,0,23.417722,0,0,0,0,0,0,0,0,0,0,0,2.405063,13.924051,0,0,0,0,0,0,0,0,0,0,0,0,0,0,0,0,0,0,0,0,0,0,0,0,0,0.759494,0,0,0,0,0,0,0,0,0,0,0,0,0,0,46.835443,1.392405,1.898734,1.772152,0,0,0,0,0,0,0,0,0,0,2.278481,0,0,0,0,0,0,0,0,0,0,0,0,0,0
e12,0,0,0,0,0,0,0,0,0,4.471891,0,0,0,0,0,0,0,0.638842,0,0,0,0,0,0,0.28393,0,0,0,0,0,0,0,0,0,0.354912,0,0,0,0,0.425894,0.567859,0,0,0,0,0,0,0,0,0,0,0,0,0,0,0,0,0,0,0,0.922771,0,0,0.496877,0,0,0,0,0,0,0,0,0,0,0,0,0,0,0,0,0,0,0,0,0,0.425894,0,0,0,0,0,0,0,0,0,0,0,0,0,0
e13,0,0,0,0,0,0,0,0,0,7.453152,0,0,0,0,0,0,0,0.709824,0.638842,0,0,0,0,0,0,0,0,0,0,0,0,0,0,0,1.632595,0,0,0,0,1.277683,1.703578,0,0,0,0,0,0,0,0,0,0,0,0,0,0,0,0,0,0,0,0,0,0,0.567859,0,0,0,0,0,0,0,0,0,0,0,0,0,0,0.354912,0,0,0,0,0,0,1.135718,0,0,0,0,0,0,0,0,0,0,0,0,0,0
e14,0,0,0,0,0,0,129.411765,0,223.529412,4694.117647,517.647059,0,752.941176,0,0,0,0,1341.176471,0,0,0,0,0,0,0,0,0,411.764706,0,0,0,0,188.235294,682.352941,423.529412,858.823529,0,176.470588,0,0,305.882353,0,0,0,0,152.941176,0,0,0,82.352941,0,0,0,0,0,0,0,0,0,70.588235,70.588235,0,0,0,0,0,482.352941,200,0,0,0,0,0,0,0,0,0,0,176.470588,35.294118,0,0,0,0,0,376.470588,58.823529,105.882353,70.588235,0,0,0,0,0,1964.705882,658.823529,0,952.941176,0,0
e15,0,0,0,0,0,0,0,0,0.0759,5.922851,0,0,0,0,0,0,0,3.315784,0,1.063076,0,0,0,0,0,0,0,0,0,0,0,0,0,0,1.366812,0,0.151868,0,0,0,0.809963,0,0,0,0.101245,0,0,0,0,0,0,0,0,0,0,0,0,0,0,0,0.227802,0,0,1.164321,0,0,0,0,0,0,0,0,0,0,0,0,0,0,0.101245,0,0,0,0,0,0,0.404981,0,0,0,0,0,0,0,0,0.0759,0.404981,0,0,0,0
e16,0,0,0,0,0,0,0,0,0.448531,13.455932,0,0,0,0,0,0,0,4.933842,1.906257,0.336398,0,0,0.336398,0.336398,0,0,0,1.681991,0,0,8.970621,0,0,7.400763,10.764745,0,9.194887,0,0,0.336398,4.821709,0,0,0,0,0,0,0,0,0.784929,0,0,0,0,0,0,0,0,0,0,0.336398,0,0,0.672797,0,0,0,0,0,0,0,0,0,0,0,0,0,0,0.448531,0,0,2.466921,0,0,0.448531,2.915452,0,0,0,0,0,0,1.345593,1.457726,0,3.027585,0,0,0,0
e17,0,0,0,0,0,0.644707,0,0,0,0.779645,0.075,0,0,0,0,0,0,0.794638,0.134939,0.06,0,0,0,0,0,0,0,0.704679,0,0,0.075,0.209904,0.674693,0,0.045,0,0,0,0,0,0,0,0,0,0,0,0,0,0,0.075,0,0,0,0,0,0,0,0,0,0,0,0,0,0,0,0,0,0,0.06,0.045,0,0,0,0,0,0,0,0,0.045,0,0,0.374829,0,0,0,1.259427,0,0,0,0,0,0,0,0,0,0,0,0,0.644707,0
e18,0,0,0,0,0,2.50492,0,0,0,25.049204,0,0,0,0,0,0,0,8.05153,0,2.147075,3.578458,0,0,0,0,0,0,10.198604,0,0,6.977992,0,10.735373,5.546609,0,0,0,0,0,0,0,0,0,0,0,0,0,0,0,0,0,0,0,0,0,0,0,0,0,0,0,0,0,0,0,0,0,0,0,0,0,0,0,0,0,0,0,0,0,0,0,0,0,8.588298,0,3.936303,0,0,0,0,0,0,0,0,0,0,0,0,2.50492,0
e1,0,0,0,0,0,15.953969,2.68079,0,6.930823,8.565451,4.642343,0,18.438603,0,0,0,0,23.407872,4.707729,7.846214,3.400026,0,0,0,0,1.046162,4.446188,31.319472,0,0,11.11547,8.565451,16.803975,3.792337,0,0,0,5.296195,0,0,0,0,0,0,0,4.642343,0,0,4.446188,10.461619,0,1.896168,0,0,0,0,0,0,0,0,0,0,0,0,0,0,0,0,0,0,0,0,0,0,0,0,0,0,0,1.700013,0.326926,7.323133,0,0.850007,0,3.269256,0,0,0,0,1.700013,0,0,0,0,0,0,0,15.953969,0
e21,0,0,0,0,0,0,0,0,0,1.033325,0,0,0,0,0,0,0,0,0,0,0,0,0,0,0,0,0,2.841643,0,0,4.133299,0,0,2.583312,0,0,0,0,0,0,0,0,0,0,0,0,0,0,0,1.033325,0,0,0,0,0,0,0,0,0,0,0,0,0,0,0,0,0,0,0,0,0,0,0,0,0,0,0,0,0,0,0,0,0,0,0,0,0,0,0,0,0,0,0,0,0,0,0,0,0,0
e24,0,0,0,0,0,4.174223,0,0.690906,2.504534,2.274232,1.209085,0,6.362092,0,0.345453,0,0,9.615108,3.771195,5.210582,1.237873,0,0,0,0,0,1.78484,12.695397,0,0,2.907563,0,8.031782,2.360595,0,0,0,1.439387,0,0,0,0,0,0,0,1.468175,0,0,1.78484,2.30302,0,0,0,0,0,0,0.403028,0,0,0,0,0,0,0,0,0,0,0,0,0,0,0,0,0,0,0,0,0,0,0.460604,0,8.549961,0,0,0,1.554538,0,0,0,0,0.690906,0,0,0,0,0,0,0,4.174223,0
e25,0,0,0,0,0,0,0,0,0,20.843551,12.751349,0,0,0,0,0,0,0,0,0,0,0,0,0,0,0,0,0,0,0,0,0,0,0,5.149583,0,9.80873,0,0,0,4.16871,0,0,0,0,0,0,0,0,0,0,0,0,0,0,0,0,0,0,0,0,0,0,0,0,0,5.149583,2.697401,0.980873,0,0,0,0,0,0,0,0,0,0,0,0,0,0,0,0,2.942619,0,0,0,0,0,0,0,0,0,0,0,0,0,0
e27,0,0,0,0,0,0,0,22.275738,0,0,0,0,0,0,3.010235,0,0,329.921734,8.729681,0,0,0,0,0,0,0,0,9.331728,0,34.918724,14.449127,0,0,0,0,0,0,0,0,0,0,0,0,0,0,2.709211,0,0,0,3.311258,0,0,0,0,0,0,0,0,0,0,0,0,0,0,0,0,11.438892,6.92354,0,0,0,0,0,0,0,0,0,0,0,0,0,0,0,3.010235,0,50.571945,0,0,0,0,0,0,0,0,0,0,0,0,0,0
e2,0,0,0,0,0,0,0,0,0,0,0,0,0,0,0,0,0,0,0,0,0,0,0,0,0,0,0,0,0,0,0,0,0,0,0,0,0,0,0,0,0,0,0,0,0,0,0,0,0,0,0,0,0,0,0,0,0,0,0,0,0,0,0,0,0,0,0,0,0,0,0,0,0,0,0,0,0,0,0,0,0,0,0,0,0,0,0,0,0,0,0,0,0,0,0,0,0,0,0,0
e33,0,0,0,0,0,0,0,0,0,0.772201,0,0,0,0,0,0,0,2.702703,1.737452,0,0,0,0,0,0,0,0,0.772201,0.579151,0,3.861004,0,0,1.737452,0,0,0,0,0,0,0,0,0,0,0,0,0,0,0,0.579151,0,0,0,0,0,0,0,0,0,0,0,0,0,0,0,0,0,0,0,0,0,0,0,0,0,0,0,0,0,0,0,0,0,0,0,0.772201,0,0,0,0,0,0,0,0,0,0,0,0,0,0
e3,1.98359,0,0,0,0,1.442611,0.631142,0,4.50816,4.688486,1.893427,0,9.01632,0,0,0,0,14.155622,4.057344,2.704896,1.172122,0,0,0,0,1.262285,0,14.696601,0,0,10.458931,0.27049,6.942566,5.229465,0,0,0,6.942566,0,0,0,0,0,0,0,6.040934,1.262285,1.98359,0,10.188441,0.811469,0,0,0,0,0,0,0,0,0,0,0,0,0,0,0,0,0,0,0,0,0,0,0,0,0,0,0,0,0,0,0.450816,0,0,0,2.704896,0,0,0,0,0,0,0,0,0,0,0,0,1.442611,0
e4,0,0,0,0,2.820701,2.575423,3.06598,3.433897,6.745156,9.933775,6.254599,0,24.159922,0,1.349031,0,0,42.555801,13.858229,10.424332,2.943341,0,0,4.782929,0,0,2.698062,26.244788,0,0,18.518519,0,12.14128,12.26392,0,0,0,6.867795,0,0,0,0,0,0,0,6.867795,0,0,2.698062,9.933775,0,0,1.103753,1.47167,0,1.47167,0.367918,0,0,0,0,0,0,0,0,0,0,0,0,0,0,2.698062,0,0,0,0,0.613196,0,0,0.613196,0,0,0,0,0,7.358352,0,0,0,0,2.698062,0,0,0,0,0,0,0,2.575423,0
e5,0,0,0,0,0,1.492259,0,2.984518,9.979481,6.621899,6.3421,0,29.845178,0,0,1.21246,0,25.554934,15.109121,10.632345,2.891252,0,0,2.238388,0.373065,0,4.476777,21.357956,0,0.466331,7.647827,0,7.181496,10.912143,0,0,0,5.782503,0,0,0,0,0,0,0,5.222906,0,0,4.476777,8.114158,0,0,0.839396,0,0,0,1.21246,0,0,0,0,0,0,0,0,0,0,0,0,0,0,0,0,0,0,0,0,0,0,1.398993,0,1.305727,0,0,0,4.849841,0,0,0,0,1.865324,0,0,0,0,0,0,0,1.492259,0
e7,0,0,0,0,0,0,0,0,0,0.98436,0,0,0,0,0,0,0,4.921798,2.953079,2.078093,0,0,0,0,0,0,0,2.624959,0,0,1.203106,0,2.187466,1.093733,0,0,0,0,0,0,0,0,0,0,0,0,0,0,0,0,0,0,0,0,0,0,0,0,0,0,0,0,0,0,0,0,0,0,0,0,0,0,0,0,0,0,0,0,0,0,0,0,0,0,0,1.093733,0,0,0,0,0,0,0,0,0,0,0,0,0,0
e8,0,0,0,0,0,31.830239,0,0.730404,0,0.538192,0,0,0,0,0,0,0,2.537193,4.074886,3.882674,0.730404,0,0,0,0,0,0,16.2611,1.49925,0,5.30504,0,14.069888,0.192212,0,0,0,0,0,0,0,0,0,0,0,0,0,0,0,0,0,0,0,0,0,0,0,0,0,0,0,0,0,0,0,0,0,0,0,0,0,0,0,0,0,0,0,0,0,0,0,7.419367,0,0,0,0.230654,0,0,0,0,0,0,0,0,0,0,0,0,31.830239,0
e9,0,0,0,0,0,0.139712,0,0,0.0798,1.377163,0.419137,0,0,0,0.339301,0,0,4.530667,1.556793,0,0,0,0,0,0,0,0,0.279424,0,0,0.399178,0,0,0,0,0,0,0,0,0,0,0,0,0,0,0,0,0,0,0.0798,0,0,0.0998,0,0,0,0,0,0,0,0,0,0,0,0,0,1.317286,1.197533,0.618725,0.279424,0,0,0,0,0,0,0,0,0,0,0,0.459054,0.638684,0,0,0.35926,0.119753,0.0998,0.0998,0,0.239507,0,0,0,0,0,0,0,0.139712,0
f1,0,0,0,0,0,0,0,0,0,4.265403,0,0,0,0,0,0,0,249.921011,0,0,0,0,0,0,0,0,0,0,0,0,0,0,0,0,0,0,0,0,0,0,0,0,0,0,0,0,0,0,0,0,0,0,0,0,0,0,0,0,0,0,0,0,0,0,0,0,0,0,0,0,0,0,0,0,0,0,0,0,0,0,0,0,0,0,0,3.159558,0,0,0,0,0,0,0,0,0,0,0,0,0,0
f2,8.914525,0,0,0,0,0,0,0,41.164132,11.798637,21.76193,0,0,0,0,0,0,12.060829,0,2.621919,1.573152,0,0,0,0,3.670687,40.90194,51.389617,0,1.048768,8.652334,0,8.652334,4.719455,0,0,0,2.621919,0,0,0,0,0,0,0,2.359727,2.097535,8.914525,40.90194,40.639748,1.048768,7.341374,2.884111,10.225485,0,11.536445,2.359727,0,0,0,0,0,0,0,0,0,0,0,0,0,0,0,0,0,0,0,0,0,0,11.274253,0,0,0,0,0,5.243838,0,0,0,0.786576,0,0,0,0,0,0,0,0,0,0
f3,0,0,0,6.315789,31.052632,0,42.105263,0,0,16.842105,2.631579,0,0,0,45.263158,0,0,22.105263,7.894737,4.736842,0,0,0,0,0,0,0,44.736842,5.263158,0,28.421053,15.263158,37.368421,20.526316,0,0,0,0,0,0,0,0,0,0,0,0,0,0,0,0,0,0,0,0,0,0,0,0,0,0,0,0,0,0,0,0,0,0,0,0,4.210526,0,0,0,0,0,0,0,0,0,0,0,0,0,0,6.315789,0,0,0,0,252.631579,0,0,0,0,0,0,0,0,0
f4,0,0,0,0,0,0,0,0,0,6.699444,0.48625,0,224.539413,0,0,6.53736,0,2.269166,0,0,0,0,0,0,0,0,0,5.889027,0,0,10.751526,0,17.234859,7.131666,0,0,0,0,0,0,0,0,0,0,0,0,0,0,0,0,0,0,0,0,0,0,0,0,0,0,0,0,0,0,0,0,0,0,0,0,0,43.600411,1.512778,1.945,2.161111,1.782916,1.728889,1.026528,0,0,0,5.997083,0,0.324167,0,1.728889,0,0,0,0,0,0,0,0,0,0,0,0,0,0
f6,0,0,1.880288,0,0,0,0,0,0,2.820432,0,0,0,0,0,0,0,0,5.954246,0,2.507051,0,0,19.429646,0,0,0,0,0,0,12.221874,0.940144,0,0,0,0,0,0,0,0,0,0,0,0,0,0,0,0,0,0,0,0,17.549358,0,0,0,0,0,0,0,0,0,0,0,0,0,0,0,0,0,0,0,0,0,0,0,0,0,0,0,0,0,0,1.566907,0,1.880288,0,0,0,0,0,0,8.461297,0,1.880288,1.253526,0,0,0,0
f7,0,0,0,0,0,0,0,0,0,7.317802,14.934289,0,0,0,0,0,0,1.493429,0,0,0,0,0,0,0,0,0.597372,0,0,0,0,0,0,0,0,0,0,0,0,0,0,0,0,0,0,0,0,0,0.597372,0,0,0,0,1.194743,0,0.597372,0,0,0,0,0,0,0,0,0,0,15.531661,10.752688,1.642772,1.0454,0,0,0,0,0,0,0,0,0,0,0,0,0,0,0,0.597372,0.746714,1.642772,1.344086,0,0,0,0,0,0,0,0,0,0,0
fy04,0,0,0,0,0,0,0,0,0,66.002491,0,0,12.4533,0,0,3.73599,0,19.92528,0,0,0,0,0,0,0,0,0,23.66127,0,0,8.71731,0,21.17061,0,8.71731,0,0,3.73599,0,0,12.4533,0,0,0,0,0,0,0,0,6.22665,0,0,0,0,0,0,0,0,0,0,0,0,0,0,0,0,0,0,0,0,0,0,0,0,0,0,0,0,0,0,0,0,0,0,0,0,0,0,0,0,0,0,0,0,0,0,0,0,0,0
fy06,0.137301,0,0,0,0.102976,0.308928,0.549205,0,0.652181,6.144235,0.858133,0,0.652181,0.480555,0.205952,0.617856,0,0.720832,0.549205,0,0,0,0,0.308928,0,0,0.137301,2.231147,0,0,0.308928,0,0.892459,0,2.883328,1.510315,0.343253,0.446229,0.308928,0.480555,1.338688,0,0,0,0,0.446229,0,0.137301,0.137301,1.132736,0,0,0,0,0,0,0,0,0,0,0,0,0,0,0.240277,0.240277,0.274603,0.171627,0,0,0,0,0,0,0,0,0,0,0,0,0,0,0,0,0,0.205952,0,0,0,0,0,0,0,0.240277,0.51488,0.102976,0,0,0.308928,0
g1,0,0,0,0,0,0,0,0,0,29.164607,0.741473,0,0,0,0,0,0,1.482946,0,0,0,0,0,0,0,0,0,5.684627,0,0,0,0,0,0,12.605042,0,0,0,0,0,0,0,0,0,0,0,0,0,0,0,0,0,0,0,0,0,0,0,0,0,0,0,0,0,0,0,0,0,0,0,0,0,0,0,0,0,0,0,0,0,0,0,0,0,0,0,0,0,0,0,0,0,0,0,0,0,0,0,0,0
g3,0,0,0,0,0,0,0,0,0,37.688442,0,0,0,0,0,0,0,0,0,0,0,0,0,0,0,0,0,0,0,0,0,0,0,0,0,0,0,0,0,0,0,0,0,0,0,0,0,0,0,0,0,0,0,0,0,0,0,0,0,0,0,0,0,0,0,0,0,0,0,0,0,0,0,0,0,0,0,0,0,0,0,0,0,0,0,1.196458,0,0,0,0,0,0,0,0,0,0,0,0,0,0
g4,9.643549,0,0,0.40557,0.27038,1.396963,1.306836,0,8.15646,36.230904,12.031905,0.13519,11.986842,0.991393,7.88608,1.892659,0,43.576225,9.102789,12.662791,8.066333,0,0,0.81114,0,4.461268,1.532153,15.50178,17.754946,0,4.506331,0,2.748862,4.235952,16.898743,41.638502,10.319499,10.274436,0.856203,2.163039,11.806588,0.67595,1.442026,0.630886,0,9.778739,4.100762,9.643549,1.532153,12.347348,4.145825,9.373169,0,0,0,0,0,0,0,0,0,0,0,0,0.180253,0.180253,9.913929,5.497724,0,0,0,0,0,0,0,0,0,0,0,0,0,2.117976,0,3.920508,0,31.724573,0,3.019242,0,0,10.725069,0,37.627867,0,18.430895,10.815195,0,0,1.396963,0
hcp,0.447615,0.0146,0,0,0.18975,0.111904,0.0195,0.0292,0.0243,1.775862,0.238403,0,0.681153,0.330846,0.418422,0.19948,0,1.454747,0.364903,0.073,0,0,0,0.243269,0,0.204346,0.505999,1.211478,0,0,1.089844,0.107038,0.218942,1.55692,1.10444,0.0487,0.364903,0.379499,0.321115,0.311384,0.890364,0.0438,0.0487,0.0292,0.0389,0.379499,0.257865,0.447615,0.505999,1.114171,0.223807,0.277326,0.073,0,0,0,0,0,0,0,0,0,0,0,0.214077,0.204346,0.831979,0.535191,0.0632,0.0389,0.0146,0,0,0,0,0,0,0,0.0243,0.0146,0,0.729806,0,0,0,0.856306,0.0146,0,0,0,0.0389,0,0.102173,0.121634,0.0535,0.0681,0,0.0973,0.111904,0.0146
i1,0,0,0,0,0,0,2.764067,0,0.5923,23.889437,5.528134,0,3.948667,0,0,0,0,2.9615,1.382034,0,0,0,0,0,0,0,0,0,0,0.987167,0,0,1.579467,0,4.540967,0,0,0,0,0,2.3692,0,0,0,0,0,0,0,0,0,0,0,0,0,0,0,0,0,0,0,0,0,0,0,0,0,0,0,0,0,0,0,0,0,0,0,0,0,0,0,0,0,0,0,0,2.3692,0,0,0,0,0,0,0,0,0,0,0,0,0,0
monitoring,0,0,0,0,0,0,0,0,0,0.715251,6.19884,0,0,0,0,0,0,2.543114,0,0,0,0,0,0,0,0,0,0.238417,0,0,0,0,0,0,0,0,0,0,0,0,0,0,0,0,0,0,0,0,0,0,0,0,0,0,0,0,0,0,0,0,0,0,0,0,0,0,2.06628,1.112612,0.238417,0,0,0,0,0,0,0,0,0,0,0,0,0,0,0,0,0,0,0.238417,0,0,0,0,0,0,0,0,0,0,0,0
radio-tag,0,0,0,0,0,0,0,0,0,18.690416,0,0,0,0,0,0,0,0.501756,0,0,0,0,0,0,0,0,0,0,0,0,0,0,0,0,5.26844,0,0,0,0,0,0,0,0,0,0,0,0,0,0,0,0,0,0,0,0,0,0,0,0,0,0,0,0,0,0,0,0,0,0,0,0,0,0,0,0,0,0,0,0.752634,0,0,0,0,0,0,0,0,0,0,0,0,0,0,0,0,0,0,0,0,0
rare,0,0,0,0,0,0,0,0,0,1.213101,0,0,0,0,0,0,0,0,4.448039,0,0,0,0,0,0,0,0,0,0,0,0,0,0,0,0,0,0,0,0,0,0,0,0,0,0,0,0,0,0,0,0,0,0,0,0,0,0,0,0,0,0,0,0,0,2.021836,3.639304,0,0,0,0,0,0,0,0,0,0,0,0,0,0,0,0,0,0,0,0,0,0,0,0,0,0,0,0,0,0,0,0,0,0
razorback,0,1.530808,0,0,0,0,0,0,0,135.859166,0,0,0,0,0,0,0,0,0,0,0,0,0,0,0,0,0,9.184845,0,0,0,0,0,0,76.157673,0,0,0,0,1.148106,2.678913,0,1.148106,3.827019,0,0,0,0,0,0,0,0,0,0,0,0,0,0,0,0,0,1.148106,0,0,0,0,0,0,0,0,0,0,0,0,0,0,0,0,6.505932,0,0,0,0,0,0,2.296211,0,0,0,0,0,0,3.061615,6.12323,9.950249,8.036739,0,0,0,1.530808
relict,0,0,0,0,0,0,0,0,0,2.128008,0,0.818465,0,11.458504,0,0,0,7.038795,0.654772,0,0,0,0,0,0,0,0,1.309543,0,3.437551,0,0,0.654772,0,0,0,0,0,0,0,0,0,0,0,0,0,0,0,0,0,0,0,0,0,0,0,0,0,0,0,0,0,0,0,0,0,0,0,0,0,0,0,0,0,0,0,0,0,0,0,0,0,0,4.092323,0,0,0,0,0,0,0,0,9.166803,3.273858,0,0,0,4.747094,0,0
species,1.630807,0.0556,0,0.315042,0.259447,0.0741,0.203851,0,0.593021,12.286651,1.834658,0.277979,4.09555,1.741999,2.038509,0.648617,0,4.781231,1.260169,1.260169,0.315042,0,0.315042,0.259447,0.111191,0.741276,1.482552,6.43057,0.0741,0.611553,1.593744,0.0927,1.371361,1.593744,9.988696,0,4.299401,3.947295,0.537425,0.889531,3.521062,0,0,0.0556,0.0556,3.50253,1.07485,1.630807,1.482552,4.929486,1.16751,0.77834,0,0,0.0556,0,0.129723,0.0556,0,0,0.29651,0,0,0,0.29651,0.29651,6.967995,4.799763,0.815404,0.630085,0.222383,0.0556,0,0,0,0,0,0,0.889531,0.667148,0,0.963659,0.0556,0.759808,0.555957,6.226719,0.240915,0.426234,0.203851,0.259447,1.297233,0.148255,2.779785,1.278701,1.352829,1.352829,0.370638,2.297956,0.0741,0.0556
